19-04-2019,20-04-2019,The Wagner Hotel,$331,4.5/5,287
19-04-2019,20-04-2019,LaGuardia Plaza Hotel,$199,4.0/5,"1,967"
19-04-2019,20-04-2019,ibis Styles New York LaGuardia Airport,$189,4.3/5,902
19-04-2019,20-04-2019,Aloft New York LaGuardia Airport,$189,3.5/5,"2,084"
19-04-2019,20-04-2019,New York LaGuardia Airport Marriott,$269,4.1/5,978
19-04-2019,20-04-2019,Comfort Inn LaGuardia Airport - 83rd St,$180,3.7/5,"1,130"
19-04-2019,20-04-2019,Concorde Hotel New York,$355,4.5/5,367
19-04-2019,20-04-2019,Sister City New York,$223,5.0/5,2
19-04-2019,20-04-2019,Hampton Inn New York - LaGuardia Airport,$246,4.2/5,"1,245"
19-04-2019,20-04-2019,Hyatt Place Flushing/LaGuardia Airport,$297,4.2/5,792
19-04-2019,20-04-2019,Marco LaGuardia Hotel,$189,4.1/5,924
19-04-2019,20-04-2019,Extended Stay America New York City - LaGuardia Airport,$170,3.4/5,753
19-04-2019,20-04-2019,Corona Hotel,$176,3.2/5,133
19-04-2019,20-04-2019,Fairfield Inn by Marriott LaGuardia Airport/Flushing,$189,4.1/5,"1,114"
19-04-2019,20-04-2019,Holiday Inn LaGuardia Airport,$179,3.8/5,"1,038"
19-04-2019,20-04-2019,SpringHill Suites by Marriott New York LaGuardia Airport,$229,4.5/5,305
19-04-2019,20-04-2019,The Parc Hotel,$289,3.9/5,883
19-04-2019,20-04-2019,Best Western Queens Court Hotel,$178,3.4/5,536
19-04-2019,20-04-2019,Airway Inn at LaGuardia,$149,2.8/5,558
19-04-2019,20-04-2019,Opera House Hotel,$169,4.5/5,"2,042"
19-04-2019,20-04-2019,Giorgio Hotel,$42,3.9/5,358
19-04-2019,20-04-2019,The Boro Hotel,$259,4.3/5,717
19-04-2019,20-04-2019,Holiday Inn Express Laguardia Airport,$221,3.9/5,868
19-04-2019,20-04-2019,Paris Suites Hotel,$190,3.3/5,245
19-04-2019,20-04-2019,Best Western Plus Plaza Hotel,$200,4.0/5,"2,853"
19-04-2019,20-04-2019,Z NYC Hotel,$221,4.0/5,"2,183"
19-04-2019,20-04-2019,The Vue Inn Brooklyn,$229,3.3/5,3
19-04-2019,20-04-2019,Howard Johnson by Wyndham Long Island City,$185,3.5/5,"1,193"
19-04-2019,20-04-2019,Ramada by Wyndham Long Island City,$199,3.3/5,"1,810"
19-04-2019,20-04-2019,Microtel Inn by Wyndham Long Island City,$209,4.0/5,36
19-04-2019,20-04-2019,The Franklin Hotel,$250,3.8/5,"1,695"
19-04-2019,20-04-2019,Ravel Hotel Trademark Collection by Wyndham,$259,3.7/5,"1,680"
19-04-2019,20-04-2019,Holiday Inn - Long Island City - Manhattan View,$229,4.2/5,"1,551"
19-04-2019,20-04-2019,Days Inn by Wyndham Long Island City,$224,3.2/5,"1,636"
19-04-2019,20-04-2019,Arlo SoHo,$209,4.4/5,"1,190"
19-04-2019,20-04-2019,Super 8 by Wyndham Long Island City LGA Hotel,$153,3.3/5,407
19-04-2019,20-04-2019,Comfort Inn & Suites LaGuardia Airport,$195,3.9/5,738
19-04-2019,20-04-2019,Holiday Inn Express Maspeth,$205,4.0/5,794
19-04-2019,20-04-2019,Loews Regency New York Hotel,$429,4.6/5,"1,281"
19-04-2019,20-04-2019,Courtyard Long Island City/New York Manhattan View,$229,4.5/5,363
19-04-2019,20-04-2019,Wyndham Garden Long Island City,$215,3.9/5,"1,341"
19-04-2019,20-04-2019,Aloft Long Island City - Manhattan View,$219,4.3/5,323
19-04-2019,20-04-2019,Westgate New York Grand Central,$237,3.9/5,498
19-04-2019,20-04-2019,Hyatt Place Long Island City/New York City,$249,4.5/5,248
19-04-2019,20-04-2019,"The Vue Hotel, an Ascend Hotel Collection Member",$199,4.3/5,319
19-04-2019,20-04-2019,Four Points by Sheraton Long Island City Queensboro Bridge,$289,4.1/5,"1,136"
19-04-2019,20-04-2019,Comfort Inn & Suites near Stadium,$249,4.3/5,350
19-04-2019,20-04-2019,Holiday Inn Express-Bronx,$209,4.0/5,136
19-04-2019,20-04-2019,Pod 51,$209,4.0/5,"15,425"
19-04-2019,20-04-2019,Hotel Plaza Athenee,$562,4.5/5,"1,052"
19-04-2019,20-04-2019,Best Western Plus Stadium Inn,$229,4.3/5,109
19-04-2019,20-04-2019,Viceroy Central Park New York,$221,4.1/5,"1,380"
19-04-2019,20-04-2019,The Williamsburg Hotel,$300,4.2/5,258
19-04-2019,20-04-2019,Arlo NoMad,$251,4.4/5,"1,546"
19-04-2019,20-04-2019,Loews Regency New York Hotel,$429,4.6/5,"1,281"
19-04-2019,20-04-2019,HI New York City,$68,4.2/5,464
19-04-2019,20-04-2019,Fairfield Inn & Suites New York Queens/Queensboro Bridge,$259,4.2/5,"1,237"
19-04-2019,20-04-2019,"The Roosevelt Hotel, New York City",$235,3.6/5,"26,093"
19-04-2019,20-04-2019,Fitzpatrick Manhattan Hotel,$288,4.5/5,"1,529"
19-04-2019,20-04-2019,The Mark,$795,4.8/5,508
19-04-2019,20-04-2019,Hotel Newton,$200,3.8/5,"2,461"
19-04-2019,20-04-2019,"Umbrella Hotel, An Ascend Hotel Collection Member",$229,3.6/5,44
19-04-2019,20-04-2019,The William Vale Hotel,$419,4.6/5,620
19-04-2019,20-04-2019,Hotel Wales,$416,4.0/5,"1,006"
19-04-2019,20-04-2019,Park Lane Hotel,$300,4.0/5,"8,360"
19-04-2019,20-04-2019,Hotel Boutique at Grand Central,$239,4.4/5,"1,645"
19-04-2019,20-04-2019,Excelsior Hotel,$296,4.2/5,"2,780"
19-04-2019,20-04-2019,LeTap Inn JFK Airport,$179,3.2/5,65
19-04-2019,20-04-2019,Broadway Hotel and Hostel,$165,3.3/5,"1,060"
19-04-2019,20-04-2019,"Hudson New York, Central Park",$229,3.5/5,"8,959"
19-04-2019,20-04-2019,Hotel 48LEX New York,$296,4.4/5,"1,044"
19-04-2019,20-04-2019,Hillside Hotel,$150,3.4/5,210
19-04-2019,20-04-2019,Arthouse Hotel New York City,$315,4.2/5,"6,024"
19-04-2019,20-04-2019,Fifty Hotel & Suites by Affinia,$220,4.2/5,"2,258"
19-04-2019,20-04-2019,Edge Hotel,$279,4.4/5,398
19-04-2019,20-04-2019,Shelburne Hotel & Suites by Affinia,$252,4.3/5,"4,938"
19-04-2019,20-04-2019,San Carlos Hotel,$285,4.5/5,"1,579"
19-04-2019,20-04-2019,WestHouse New York,$245,4.3/5,"1,830"
19-04-2019,20-04-2019,The James New York - NoMad,$264,4.2/5,876
19-04-2019,20-04-2019,Dream Midtown,$265,4.1/5,"2,441"
19-04-2019,20-04-2019,Courtyard by Marriott New York Queens/Fresh Meadows,$224,4.5/5,130
19-04-2019,20-04-2019,AirTrain Plaza Hotel JFK Airport,$179,3.1/5,67
19-04-2019,20-04-2019,Adria Hotel And Conference Center,$182,3.8/5,"1,231"
19-04-2019,20-04-2019,The Hoxton Williamsburg,$339,4.7/5,171
19-04-2019,20-04-2019,Lotte New York Palace,$395,4.6/5,"7,272"
19-04-2019,20-04-2019,"Club Quarters Hotel, Grand Central",$269,4.4/5,"1,831"
19-04-2019,20-04-2019,Park Central Hotel New York,$249,3.9/5,"8,153"
19-04-2019,20-04-2019,Belnord Hotel,$315,3.7/5,"4,716"
19-04-2019,20-04-2019,Hotel Belleclaire,$303,4.0/5,"5,637"
19-04-2019,20-04-2019,Best Western Jamaica Inn,$210,3.8/5,"1,314"
19-04-2019,20-04-2019,Cassa Hotel NY 45th Street,$220,4.4/5,"2,266"
19-04-2019,20-04-2019,The Surrey,$675,4.6/5,947
19-04-2019,20-04-2019,Parker New York,$319,4.1/5,284
19-04-2019,20-04-2019,Ace Hotel New York,$199,4.3/5,"1,640"
19-04-2019,20-04-2019,"Club Quarters Hotel, opposite Rockefeller Center",$259,4.1/5,"4,118"
19-04-2019,20-04-2019,Pod Brooklyn,$219,4.4/5,983
19-04-2019,20-04-2019,"PUBLIC, an Ian Schrager hotel",$265,4.4/5,"1,342"
19-04-2019,20-04-2019,The Time New York,$269,4.2/5,728
19-04-2019,20-04-2019,"Club Quarters, Times Square - Midtown",$259,4.1/5,"4,189"
19-04-2019,20-04-2019,Riverside Tower Hotel,$144,3.4/5,528
19-04-2019,20-04-2019,Chambers Hotel,$251,4.4/5,435
19-04-2019,20-04-2019,The Manhattan at Times Square Hotel,$230,3.3/5,"10,392"
19-04-2019,20-04-2019,YOTEL New York,$217,4.3/5,"13,295"
19-04-2019,20-04-2019,Pod Times Square,$179,4.5/5,"2,349"
19-04-2019,20-04-2019,Seton Hotel,$260,4.0/5,"1,922"
19-04-2019,20-04-2019,Hotel Le Jolie,$290,4.4/5,882
19-04-2019,20-04-2019,Wellington Hotel,$255,3.7/5,"14,132"
19-04-2019,20-04-2019,Millennium Times Square New York,$220,4.0/5,"13,281"
19-04-2019,20-04-2019,La Quinta by Wyndham New York City Central Park,$209,3.8/5,577
19-04-2019,20-04-2019,Mondrian Park Avenue,$285,4.4/5,722
19-04-2019,20-04-2019,Refinery Hotel,$269,4.6/5,"1,811"
19-04-2019,20-04-2019,The Sherry Netherland,$459,4.8/5,380
19-04-2019,20-04-2019,1 Hotel Central Park,$651,4.6/5,843
19-04-2019,20-04-2019,DoubleTree by Hilton Metropolitan - New York City,$279,4.0/5,"10,626"
19-04-2019,20-04-2019,Carnegie Hotel,$296,4.6/5,779
19-04-2019,20-04-2019,The Belvedere Hotel,$215,4.2/5,"21,121"
19-04-2019,20-04-2019,Grand Hyatt New York,$319,4.1/5,"10,684"
19-04-2019,20-04-2019,The Benjamin,$313,4.4/5,"1,783"
19-04-2019,20-04-2019,Paramount Times Square,$239,3.5/5,"13,261"
19-04-2019,20-04-2019,The Roger Smith Hotel,$309,4.1/5,"2,192"
19-04-2019,20-04-2019,Sanctuary Hotel New York,$319,4.4/5,"1,096"
19-04-2019,20-04-2019,The Roger,$249,4.3/5,902
19-04-2019,20-04-2019,The Jewel facing Rockefeller Center,$299,4.5/5,"5,457"
19-04-2019,20-04-2019,The Moderne,$215,4.2/5,"1,546"
19-04-2019,20-04-2019,West Side YMCA,$175,3.3/5,"1,915"
19-04-2019,20-04-2019,Pod 39,$219,4.2/5,"11,278"
19-04-2019,20-04-2019,EVEN Hotel New York- Midtown East,$305,4.5/5,963
19-04-2019,20-04-2019,Royalton Park Avenue,$305,4.3/5,"1,045"
19-04-2019,20-04-2019,Royalton Hotel,$289,4.2/5,"2,063"
19-04-2019,20-04-2019,6 Columbus Central Park a Sixty Hotel,$311,3.7/5,503
19-04-2019,20-04-2019,Ameritania at Times Square,$251,4.0/5,"4,566"
19-04-2019,20-04-2019,Park Terrace Hotel on Bryant Park,$375,4.7/5,180
19-04-2019,20-04-2019,The Knickerbocker Hotel,$316,4.6/5,"1,672"
19-04-2019,20-04-2019,Flatiron Hotel,$199,3.7/5,"1,218"
19-04-2019,20-04-2019,Hampton Inn Manhattan Grand Central,$249,4.3/5,"1,608"
19-04-2019,20-04-2019,Hotel 31,$218,4.0/5,"2,258"
19-04-2019,20-04-2019,"The Pierre, A Taj Hotel, New York",$665,4.7/5,949
19-04-2019,20-04-2019,City Club Hotel,$259,4.3/5,"2,379"
19-04-2019,20-04-2019,The Marmara Park Avenue,$336,4.4/5,427
19-04-2019,20-04-2019,Gramercy Park Hotel,$360,4.3/5,912
19-04-2019,20-04-2019,Millennium Hilton New York One UN Plaza,$249,4.0/5,"2,360"
19-04-2019,20-04-2019,Freehand New York,$269,4.4/5,537
19-04-2019,20-04-2019,Wolcott Hotel,$260,3.9/5,"1,226"
19-04-2019,20-04-2019,Hotel Mela Times Square,$219,4.0/5,"4,595"
19-04-2019,20-04-2019,The Lex NYC,$229,4.4/5,860
19-04-2019,20-04-2019,Hilton Garden Inn New York/Manhattan-Midtown East,$319,4.2/5,"1,540"
19-04-2019,20-04-2019,"The Langham, New York, Fifth Avenue",$575,4.7/5,"1,381"
19-04-2019,20-04-2019,The Watson Hotel,$257,3.9/5,"4,016"
19-04-2019,20-04-2019,Four Seasons Hotel New York,"$1,195",4.6/5,63
19-04-2019,20-04-2019,Park South Hotel,$269,4.6/5,718
19-04-2019,20-04-2019,The Kimberly Hotel,$389,4.6/5,"2,462"
19-04-2019,20-04-2019,The Bryant Park Hotel,$345,4.6/5,"1,833"
19-04-2019,20-04-2019,The Lombardy Hotel,$429,4.3/5,997
19-04-2019,20-04-2019,Omni Berkshire Place,$339,4.5/5,"3,802"
19-04-2019,20-04-2019,Residence Inn New York The Bronx At Metro Center Atrium,$249,4.7/5,325
19-04-2019,20-04-2019,The Redbury New York,$259,4.0/5,729
19-04-2019,20-04-2019,Row NYC,$259,3.6/5,"13,002"
19-04-2019,20-04-2019,GWB Hotel,$300,3.1/5,44
19-04-2019,20-04-2019,citizenM New York Bowery,$215,4.7/5,585
19-04-2019,20-04-2019,Hotel Metro,$219,4.3/5,"3,841"
19-04-2019,20-04-2019,Americana Inn,$199,3.2/5,"2,324"
19-04-2019,20-04-2019,The William,$425,4.4/5,13
19-04-2019,20-04-2019,InterContinental - New York Times Square,$330,4.3/5,"2,504"
19-04-2019,20-04-2019,Umbrella Hotel Kew Gardens,$159,2.8/5,51
19-04-2019,20-04-2019,Chelsea Inn,$207,3.7/5,534
19-04-2019,20-04-2019,Hotel Sofitel New York,$279,4.6/5,"4,995"
19-04-2019,20-04-2019,Flushing Hotel,$719,2.7/5,563
19-04-2019,20-04-2019,Park Hyatt New York,$895,4.5/5,142
19-04-2019,20-04-2019,The NoMad Hotel,$332,4.7/5,513
19-04-2019,20-04-2019,The Plaza Hotel,$825,4.5/5,894
19-04-2019,20-04-2019,Andaz 5th Avenue - a concept by Hyatt,$375,4.7/5,946
19-04-2019,20-04-2019,Amsterdam Court Hotel,$287,3.4/5,"2,507"
19-04-2019,20-04-2019,Hotel 32 32,$220,4.1/5,"2,098"
19-04-2019,20-04-2019,Best Western Queens Gold Coast,$251,3.8/5,600
19-04-2019,20-04-2019,Hyatt Centric Times Square New York,$324,4.6/5,"4,880"
19-04-2019,20-04-2019,"The Renwick Hotel New York City, Curio Collection by Hilton",$299,4.4/5,917
19-04-2019,20-04-2019,The Peninsula New York,$995,4.8/5,"1,335"
19-04-2019,20-04-2019,Hotel RL Brooklyn,$251,4.1/5,754
19-04-2019,20-04-2019,The Iroquois New York,$349,4.5/5,"2,403"
19-04-2019,20-04-2019,Archer Hotel New York,$309,4.6/5,"2,706"
19-04-2019,20-04-2019,The Gregory Hotel,$289,4.0/5,"1,322"
19-04-2019,20-04-2019,Baccarat Hotel and Residences New York,$995,4.7/5,162
19-04-2019,20-04-2019,NY Moore Hostel,$70,3.9/5,316
19-04-2019,20-04-2019,Heritage Hotel,$203,3.6/5,515
19-04-2019,20-04-2019,Dream Downtown,$250,4.0/5,"1,873"
19-04-2019,20-04-2019,"The Bernic Hotel New York City, Tapestry Collection by Hilton",$279,4.5/5,457
19-04-2019,20-04-2019,The Quin Central Park by Hilton Club,$439,4.5/5,"1,065"
19-04-2019,20-04-2019,Cambria Hotel New York - Times Square,$219,4.5/5,"1,118"
19-04-2019,20-04-2019,Millennium Premier New York Times Square,$305,4.2/5,"1,829"
19-04-2019,20-04-2019,Broadway Plaza Hotel,$229,4.2/5,"2,250"
19-04-2019,20-04-2019,The Evelyn Hotel,$279,3.7/5,"2,023"
19-04-2019,20-04-2019,3 West Club,$259,4.1/5,235
19-04-2019,20-04-2019,Warwick New York,$375,4.4/5,"5,512"
19-04-2019,20-04-2019,citizenM New York Times Square,$389,4.7/5,"2,079"
19-04-2019,20-04-2019,The Times Square EDITION,$399,4.7/5,3
19-04-2019,20-04-2019,"Martinique New York on Broadway, Curio Collection by Hilton",$239,4.1/5,"4,275"
19-04-2019,20-04-2019,Hotel Edison,$220,3.7/5,"17,900"
19-04-2019,20-04-2019,Nyma The New York Manhattan Hotel,$229,3.7/5,807
19-04-2019,20-04-2019,Hotel Beacon,$539,4.5/5,"1,837"
19-04-2019,20-04-2019,InterContinental New York Barclay,$399,4.3/5,"1,966"
19-04-2019,20-04-2019,Bogart Hotel,$279,3.8/5,266
19-04-2019,20-04-2019,Kimpton Ink48 Hotel,$246,4.4/5,"1,968"
19-04-2019,20-04-2019,Hampton Inn Times Square North,$250,4.4/5,"8,941"
19-04-2019,20-04-2019,Roxy Hotel Tribeca,$259,4.5/5,818
19-04-2019,20-04-2019,The Mansfield Hotel,$289,3.7/5,"2,215"
19-04-2019,20-04-2019,The Standard East Village,$295,4.3/5,"1,173"
19-04-2019,20-04-2019,Hotel Giraffe by Library Hotel Collection,$395,4.8/5,805
19-04-2019,20-04-2019,Morris Guest House,$176,3.3/5,20
19-04-2019,20-04-2019,The Marcel at Gramercy,$279,4.0/5,"2,194"
19-04-2019,20-04-2019,Cachet Boutique New York,$390,3.9/5,"1,382"
19-04-2019,20-04-2019,The Bowery Hotel,$435,4.6/5,102
19-04-2019,20-04-2019,Walker Hotel Greenwich Village,$285,4.4/5,373
19-04-2019,20-04-2019,Soho Grand Hotel,$356,4.3/5,"1,545"
19-04-2019,20-04-2019,The Dominick,$375,4.5/5,397
19-04-2019,20-04-2019,The Sohotel,$259,4.0/5,"1,238"
19-04-2019,20-04-2019,Room Mate Grace Boutique Hotel,$309,4.1/5,"2,308"
19-04-2019,20-04-2019,11 Howard,$279,4.3/5,394
19-04-2019,20-04-2019,Best Western Premier Herald Square,$350,4.3/5,"2,549"
19-04-2019,20-04-2019,Lexington Inn JFK Airport,$162,3.0/5,"1,738"
19-04-2019,20-04-2019,Crowne Plaza HY36 Midtown Manhattan,$269,4.5/5,654
19-04-2019,20-04-2019,Hotel Elysee by Library Hotel Collection,$341,4.6/5,647
19-04-2019,20-04-2019,SIXTY Lower East Side,$195,4.1/5,678
19-04-2019,20-04-2019,"The Ritz-Carlton New York, Central Park",$895,4.6/5,279
19-04-2019,20-04-2019,Off Soho Suites Hotel,$229,3.8/5,878
19-04-2019,20-04-2019,Best Western Fort Lee,$150,3.5/5,971
19-04-2019,20-04-2019,The Marlton Hotel,$375,4.5/5,895
19-04-2019,20-04-2019,Orchard Street Hotel,$249,3.9/5,314
19-04-2019,20-04-2019,"Inn at Great Neck, BW Premier Collection",$249,4.4/5,251
19-04-2019,20-04-2019,Hampton Inn Manhattan/Times Square Central,$249,4.5/5,"2,830"
19-04-2019,20-04-2019,Hampton Inn Manhattan/Times Square South,$204,4.2/5,"3,745"
19-04-2019,20-04-2019,Meadowlands View Hotel,$125,3.6/5,"3,297"
19-04-2019,20-04-2019,Hilton Garden Inn New York/Central Park South-Midtown West,$309,4.3/5,"2,692"
19-04-2019,20-04-2019,Hilton Garden Inn Times Square,$267,4.4/5,"8,449"
19-04-2019,20-04-2019,Hilton Garden Inn New York Times Square South,$205,4.5/5,839
19-04-2019,20-04-2019,Hilton Garden Inn New York-Times Square Central,$226,4.2/5,"2,743"
19-04-2019,20-04-2019,1 Hotel Brooklyn Bridge,$538,4.6/5,555
19-04-2019,20-04-2019,JW Marriott Essex House New York,$529,4.3/5,957
19-04-2019,20-04-2019,Hampton Inn New York - 35th Street - Empire State Building,$219,4.3/5,"2,179"
19-04-2019,20-04-2019,Moxy NYC Chelsea,$249,4.5/5,33
19-04-2019,20-04-2019,New York Marriott East Side,$499,4.1/5,"2,202"
19-04-2019,20-04-2019,Bklyn House,$239,4.0/5,488
19-04-2019,20-04-2019,Staybridge Suites Times Square,$229,4.3/5,"5,817"
19-04-2019,20-04-2019,"The Algonquin Hotel Times Square, Autograph Collection",$299,4.4/5,"1,685"
19-04-2019,20-04-2019,Fairfield Inn by Marriott New York Manhattan/Times Square,$209,4.2/5,"1,618"
19-04-2019,20-04-2019,Econo Lodge Times Square,$259,3.8/5,"1,036"
19-04-2019,20-04-2019,The New York EDITION,$425,4.5/5,290
19-04-2019,20-04-2019,Holiday Inn Express Manhattan Times Square South,$259,4.3/5,"1,662"
19-04-2019,20-04-2019,NoMo SoHo,$235,4.2/5,"1,970"
19-04-2019,20-04-2019,Renaissance New York Midtown Hotel,$309,4.6/5,517
19-04-2019,20-04-2019,Quality Inn,$139,3.4/5,48
19-04-2019,20-04-2019,DoubleTree by Hilton Fort Lee - George Washington Bridge,$162,3.8/5,"1,724"
19-04-2019,20-04-2019,"The Lexington Hotel, Autograph Collection",$730,4.1/5,"4,594"
19-04-2019,20-04-2019,Hotel Indigo Lower East Side New York,$269,4.4/5,904
19-04-2019,20-04-2019,Holiday Inn New York City - Times Square,$229,4.2/5,"1,895"
19-04-2019,20-04-2019,"Marriott Vacation Club Pulse, New York City",$279,4.4/5,"2,271"
19-04-2019,20-04-2019,Hudson River Hotel,$209,3.6/5,"1,079"
19-04-2019,20-04-2019,Hampton Inn Madison Square Garden Area Hotel,$239,4.2/5,"3,203"
19-04-2019,20-04-2019,Sago Hotel,$297,4.5/5,247
19-04-2019,20-04-2019,Life Hotel NoMad,$425,4.0/5,423
19-04-2019,20-04-2019,Holiday Inn Express New York City Times Square,$225,4.0/5,"2,315"
19-04-2019,20-04-2019,The Gatsby Hotel,$289,4.0/5,176
19-04-2019,20-04-2019,The Westin New York at Times Square,$359,4.3/5,"7,305"
19-04-2019,20-04-2019,The Andrew Hotel,$289,3.9/5,564
19-04-2019,20-04-2019,Hilton New York Fashion District,$237,4.2/5,"2,316"
19-04-2019,20-04-2019,Homewood Suites New York/Midtown Manhattan Times Square,$308,4.5/5,"2,744"
19-04-2019,20-04-2019,Chelsea Pines Inn,$289,4.2/5,464
19-04-2019,20-04-2019,Ramada by Wyndham Bronx,$219,3.7/5,640
19-04-2019,20-04-2019,GEM Hotel - Chelsea,$279,4.0/5,"1,284"
19-04-2019,20-04-2019,Hotel Hugo,$219,4.2/5,850
19-04-2019,20-04-2019,Redford Hotel,$231,3.5/5,183
19-04-2019,20-04-2019,The Maritime Hotel,$319,4.6/5,658
19-04-2019,20-04-2019,Fairfield Inn & Suites by Marriott New York ManhattanChelsea,$229,4.3/5,879
19-04-2019,20-04-2019,NobleDEN Hotel,$293,4.7/5,"1,183"
19-04-2019,20-04-2019,Mr. C Hotel Seaport,$265,4.5/5,51
19-04-2019,20-04-2019,"Club Quarters Hotel, Wall Street",$237,4.2/5,"4,582"
19-04-2019,20-04-2019,Hampton Inn Manhattan-Chelsea,$239,4.3/5,"2,254"
19-04-2019,20-04-2019,DoubleTree by Hilton New York City - Financial District,$249,4.0/5,"3,414"
19-04-2019,20-04-2019,Clarion Hotel Park Avenue,$269,3.5/5,532
19-04-2019,20-04-2019,"Gild Hall, A Thompson Hotel",$249,4.5/5,"1,738"
19-04-2019,20-04-2019,The Frederick Hotel,$259,4.3/5,476
19-04-2019,20-04-2019,Hyatt Union Square New York,$239,4.5/5,918
19-04-2019,20-04-2019,Best Western Bowery Hanbee Hotel,$259,4.1/5,"2,031"
19-04-2019,20-04-2019,The Lowell,"$2,132",4.7/5,118
19-04-2019,20-04-2019,The Inn at Irving Place,$335,4.6/5,190
19-04-2019,20-04-2019,Condor Hotel,$413,4.2/5,"1,016"
19-04-2019,20-04-2019,Hotel On Rivington,$320,4.3/5,"1,008"
19-04-2019,20-04-2019,The Bowery House,$104,3.1/5,849
19-04-2019,20-04-2019,The High Line Hotel,$439,4.3/5,550
19-04-2019,20-04-2019,Radisson Hotel JFK Airport,$289,3.3/5,"2,365"
19-04-2019,20-04-2019,The Allen Hotel,$235,4.3/5,92
19-04-2019,20-04-2019,The Tillary Hotel,$289,4.1/5,"1,055"
19-04-2019,20-04-2019,Sheraton Tribeca New York Hotel,$199,4.1/5,"3,307"
19-04-2019,20-04-2019,Neptune Hotel,$80,2.2/5,240
19-04-2019,20-04-2019,Best Western Premier NYC Gateway Hotel,$167,4.6/5,"1,027"
19-04-2019,20-04-2019,Colonial House Inn,$188,3.8/5,90
19-04-2019,20-04-2019,Holiday Inn GW Bridge-Fort Lee NYC Area,$154,3.8/5,"1,026"
19-04-2019,20-04-2019,Millennium Hilton New York Downtown,$209,4.3/5,"3,810"
19-04-2019,20-04-2019,Crowne Plaza JFK Airport New York City,$209,3.7/5,"1,155"
19-04-2019,20-04-2019,Best Western Plus Arena Hotel,$230,4.0/5,983
19-04-2019,20-04-2019,AKA Tribeca,$306,4.4/5,360
19-04-2019,20-04-2019,Hilton Garden Inn Queens/JFK Airport,$189,3.8/5,"1,257"
19-04-2019,20-04-2019,Eurostars Wall Street,$230,3.6/5,"1,150"
19-04-2019,20-04-2019,Four Points By Sheraton Manhattan Midtown West,$424,4.4/5,339
19-04-2019,20-04-2019,Best Western JFK Airport Hotel,$205,3.5/5,"2,280"
19-04-2019,20-04-2019,Duane Street Hotel Tribeca,$199,4.3/5,616
19-04-2019,20-04-2019,Four Points by Sheraton Manhattan SoHo Village,$219,4.1/5,"1,613"
19-04-2019,20-04-2019,Soho Garden Hotel,$259,3.7/5,"1,537"
19-04-2019,20-04-2019,Meadowlands River Inn,$143,4.2/5,"3,244"
19-04-2019,20-04-2019,"Club Quarters Hotel, World Trade Center",$246,4.4/5,"2,412"
19-04-2019,20-04-2019,Bellerose Inn,$149,3.6/5,409
19-04-2019,20-04-2019,SoHo 54 Hotel,$289,3.8/5,115
19-04-2019,20-04-2019,138 Bowery,$212,2.5/5,2
19-04-2019,20-04-2019,Courtyard by Marriott New York JFK Airport,$179,4.1/5,"1,187"
19-04-2019,20-04-2019,Hampton Inn Brooklyn Downtown NY,$239,4.5/5,"1,168"
19-04-2019,20-04-2019,Jets Motor Inn,$136,2.2/5,177
19-04-2019,20-04-2019,Fairfield Inn & Suites by Marriott North Bergen,$189,4.6/5,392
19-04-2019,20-04-2019,Four Seasons Hotel New York Downtown,$645,4.8/5,173
19-04-2019,20-04-2019,The Assemblage John Street,$349,4.7/5,125
19-04-2019,20-04-2019,SIXTY SoHo,$285,4.5/5,360
19-04-2019,20-04-2019,Paramount Inn,$139,3.4/5,577
19-04-2019,20-04-2019,Wyndham Garden Chinatown,$246,4.3/5,"1,631"
20-04-2019,21-04-2019,Concorde Hotel New York,$247,4.5/5,369
20-04-2019,21-04-2019,LaGuardia Plaza Hotel,$279,4.0/5,"1,971"
20-04-2019,21-04-2019,ibis Styles New York LaGuardia Airport,$189,4.3/5,904
20-04-2019,21-04-2019,Aloft New York LaGuardia Airport,$189,3.5/5,"2,084"
20-04-2019,21-04-2019,Hyatt Place Flushing/LaGuardia Airport,$297,4.2/5,792
20-04-2019,21-04-2019,Extended Stay America New York City - LaGuardia Airport,$160,3.4/5,753
20-04-2019,21-04-2019,Loews Regency New York Hotel,$459,4.6/5,"1,282"
20-04-2019,21-04-2019,Lic Plaza Hotel,$219,4.0/5,5
20-04-2019,21-04-2019,New York LaGuardia Airport Marriott,$269,4.1/5,978
20-04-2019,21-04-2019,Hampton Inn New York - LaGuardia Airport,$199,4.2/5,"1,245"
20-04-2019,21-04-2019,John Hotel,$189,4.1/5,567
20-04-2019,21-04-2019,Comfort Inn LaGuardia Airport - 83rd St,$200,3.7/5,"1,131"
20-04-2019,21-04-2019,Marco LaGuardia Hotel,$209,4.1/5,924
20-04-2019,21-04-2019,Grandview Hotel New York,$160,4.1/5,285
20-04-2019,21-04-2019,Flushing Central Hotel,$179,3.6/5,441
20-04-2019,21-04-2019,Corona Hotel,$185,3.2/5,133
20-04-2019,21-04-2019,Prince Flushing Hotel,$158,3.5/5,358
20-04-2019,21-04-2019,The Paper Factory Hotel,$239,4.2/5,"1,507"
20-04-2019,21-04-2019,The Boro Hotel,$239,4.3/5,717
20-04-2019,21-04-2019,Holiday Inn LaGuardia Airport,$179,3.8/5,"1,038"
20-04-2019,21-04-2019,The Parc Hotel,$299,3.9/5,884
20-04-2019,21-04-2019,Best Western Queens Court Hotel,$187,3.4/5,536
20-04-2019,21-04-2019,SpringHill Suites by Marriott New York LaGuardia Airport,$229,4.5/5,305
20-04-2019,21-04-2019,Ramada by Wyndham Flushing Queens,$186,3.6/5,737
20-04-2019,21-04-2019,Z NYC Hotel,$222,4.0/5,"2,183"
20-04-2019,21-04-2019,Fairfield Inn by Marriott New York LaGuardia Airport/Astoria,$219,4.3/5,686
20-04-2019,21-04-2019,Artezen Hotel,$199,4.7/5,16
20-04-2019,21-04-2019,The Franklin Hotel,$226,3.8/5,"1,698"
20-04-2019,21-04-2019,Howard Johnson by Wyndham Long Island City,$169,3.5/5,"1,193"
20-04-2019,21-04-2019,Westgate New York Grand Central,$223,3.9/5,500
20-04-2019,21-04-2019,Ravel Hotel Trademark Collection by Wyndham,$259,3.7/5,"1,680"
20-04-2019,21-04-2019,Holiday Inn Express Laguardia Airport,$226,3.9/5,870
20-04-2019,21-04-2019,Days Inn by Wyndham Long Island City,$179,3.2/5,"1,636"
20-04-2019,21-04-2019,Loews Regency New York Hotel,$459,4.6/5,"1,282"
21-04-2019,22-04-2019,The Wagner Hotel,$211,4.5/5,289
21-04-2019,22-04-2019,LaGuardia Plaza Hotel,$179,4.0/5,"1,974"
21-04-2019,22-04-2019,ibis Styles New York LaGuardia Airport,$179,4.3/5,904
21-04-2019,22-04-2019,Hyatt Place Flushing/LaGuardia Airport,$195,4.2/5,793
21-04-2019,22-04-2019,Comfort Inn LaGuardia Airport - 83rd St,$140,3.7/5,"1,133"
21-04-2019,22-04-2019,Aloft New York LaGuardia Airport,$179,3.5/5,"2,084"
21-04-2019,22-04-2019,Loews Regency New York Hotel,$399,4.6/5,"1,282"
21-04-2019,22-04-2019,Lic Plaza Hotel,$149,4.0/5,5
21-04-2019,22-04-2019,Marco LaGuardia Hotel,$139,4.1/5,925
21-04-2019,22-04-2019,The Parc Hotel,$119,3.8/5,885
21-04-2019,22-04-2019,Extended Stay America New York City - LaGuardia Airport,$140,3.4/5,754
21-04-2019,22-04-2019,John Hotel,$139,4.1/5,567
21-04-2019,22-04-2019,Hotel De Point,$159,3.9/5,346
21-04-2019,22-04-2019,The Paper Factory Hotel,$139,4.2/5,"1,509"
21-04-2019,22-04-2019,Hampton Inn New York - LaGuardia Airport,$184,4.2/5,"1,245"
21-04-2019,22-04-2019,The Boro Hotel,$149,4.3/5,717
21-04-2019,22-04-2019,New York LaGuardia Airport Marriott,$269,4.1/5,978
21-04-2019,22-04-2019,Opera House Hotel,$119,4.5/5,"2,048"
21-04-2019,22-04-2019,Asiatic Hotel by LaGuardia Airport,$137,3.9/5,876
21-04-2019,22-04-2019,Grandview Hotel New York,$130,4.1/5,286
21-04-2019,22-04-2019,Flushing Central Hotel,$125,3.6/5,441
21-04-2019,22-04-2019,Best Western Plus Plaza Hotel,$88,4.0/5,"2,856"
21-04-2019,22-04-2019,Corona Hotel,$138,3.2/5,133
21-04-2019,22-04-2019,Fairfield Inn by Marriott LaGuardia Airport/Flushing,$149,4.1/5,"1,115"
21-04-2019,22-04-2019,Best Western Queens Court Hotel,$136,3.4/5,537
21-04-2019,22-04-2019,Prince Flushing Hotel,$128,3.5/5,358
21-04-2019,22-04-2019,The Vue Inn Brooklyn,$129,3.3/5,3
21-04-2019,22-04-2019,Hotel Nirvana,$100,3.8/5,204
21-04-2019,22-04-2019,Z NYC Hotel,$145,4.0/5,"2,184"
21-04-2019,22-04-2019,Ramada by Wyndham Long Island City,$99,3.3/5,"1,811"
21-04-2019,22-04-2019,Holiday Inn LaGuardia Airport,$169,3.8/5,"1,040"
21-04-2019,22-04-2019,Ravel Hotel Trademark Collection by Wyndham,$118,3.7/5,"1,682"
21-04-2019,22-04-2019,Giorgio Hotel,$39,3.9/5,360
21-04-2019,22-04-2019,Ramada by Wyndham Flushing Queens,$146,3.6/5,739
21-04-2019,22-04-2019,SpringHill Suites by Marriott New York LaGuardia Airport,$219,4.5/5,305
21-04-2019,22-04-2019,The One Boutique Hotel,$179,3.6/5,313
21-04-2019,22-04-2019,Westgate New York Grand Central,$123,3.9/5,500
21-04-2019,22-04-2019,Hotel Vetiver,$139,3.7/5,"1,108"
21-04-2019,22-04-2019,Holiday Inn Express Laguardia Airport,$149,3.9/5,871
21-04-2019,22-04-2019,Mayflower Boutique Hotel,$112,3.2/5,248
21-04-2019,22-04-2019,YOTEL New York,$96,4.3/5,"13,311"
21-04-2019,22-04-2019,Red Lion Inn & Suites Long Island City,$131,3.8/5,"1,986"
21-04-2019,22-04-2019,Fairfield Inn by Marriott New York LaGuardia Airport/Astoria,$189,4.3/5,686
21-04-2019,22-04-2019,Park Central Hotel New York,$99,3.9/5,"8,167"
21-04-2019,22-04-2019,Feather Factory,$125,4.1/5,398
21-04-2019,22-04-2019,Arthouse Hotel New York City,$153,4.2/5,"6,029"
21-04-2019,22-04-2019,Wyndham Garden LaGuardia South,$161,4.2/5,557
21-04-2019,22-04-2019,"The Roosevelt Hotel, New York City",$129,3.6/5,"26,102"
21-04-2019,22-04-2019,Bentley Hotel,$159,3.9/5,"4,987"
21-04-2019,22-04-2019,Empire Hotel,$127,3.8/5,"7,965"
21-04-2019,22-04-2019,Howard Johnson by Wyndham Long Island City,$145,3.5/5,"1,196"
21-04-2019,22-04-2019,Holiday Inn - Long Island City - Manhattan View,$139,4.2/5,"1,553"
21-04-2019,22-04-2019,Arlo SoHo,$110,4.4/5,"1,191"
21-04-2019,22-04-2019,EVEN Hotel Times Square South,$108,4.7/5,"1,276"
21-04-2019,22-04-2019,Hilton Garden Inn Times Square,$99,4.4/5,"8,452"
21-04-2019,22-04-2019,Hilton Garden Inn New York/Manhattan-Midtown East,$102,4.2/5,"1,542"
21-04-2019,22-04-2019,Comfort Inn & Suites near Stadium,$149,4.3/5,352
21-04-2019,22-04-2019,The Maxwell New York City,$149,3.9/5,"2,681"
21-04-2019,22-04-2019,Arlo NoMad,$120,4.4/5,"1,550"
21-04-2019,22-04-2019,Holiday Inn Express Maspeth,$180,4.0/5,794
21-04-2019,22-04-2019,Aloft Long Island City - Manhattan View,$159,4.3/5,324
21-04-2019,22-04-2019,The Gotham Hotel,$135,4.1/5,"1,761"
21-04-2019,22-04-2019,Queens County Inn & Suites,$139,3.4/5,493
21-04-2019,22-04-2019,Fitzpatrick Grand Central,$138,4.4/5,"1,928"
21-04-2019,22-04-2019,Crowne Plaza Times Square Manhattan,$105,4.2/5,"9,266"
21-04-2019,22-04-2019,"The Bernic Hotel New York City, Tapestry Collection by Hilton",$99,4.5/5,459
21-04-2019,22-04-2019,Days Inn by Wyndham Long Island City,$133,3.2/5,"1,637"
21-04-2019,22-04-2019,Airway Inn at LaGuardia,$139,2.8/5,558
21-04-2019,22-04-2019,Hotel Belleclaire,$119,4.0/5,"5,644"
21-04-2019,22-04-2019,DoubleTree by Hilton New York Times Square West,$109,4.0/5,"1,677"
21-04-2019,22-04-2019,Fitzpatrick Manhattan Hotel,$148,4.5/5,"1,530"
21-04-2019,22-04-2019,"Hudson New York, Central Park",$149,3.5/5,"8,970"
21-04-2019,22-04-2019,Park Lane Hotel,$180,4.0/5,"8,365"
21-04-2019,22-04-2019,Hampton Inn Times Square North,$109,4.4/5,"8,942"
21-04-2019,22-04-2019,"The Vue Hotel, an Ascend Hotel Collection Member",$149,4.3/5,319
21-04-2019,22-04-2019,Home2 Suites by Hilton NY Long Island City/Manhattan View,$218,4.5/5,808
21-04-2019,22-04-2019,Belnord Hotel,$100,3.7/5,"4,721"
21-04-2019,22-04-2019,DoubleTree by Hilton New York City - Chelsea,$93,3.9/5,"4,184"
21-04-2019,22-04-2019,Arlo NoMad,$120,4.4/5,"1,550"
21-04-2019,22-04-2019,Best Western Plus Stadium Inn,$126,4.3/5,111
21-04-2019,22-04-2019,Holiday Inn Express-Bronx,$149,4.0/5,136
21-04-2019,22-04-2019,Quality Inn,$120,3.9/5,509
21-04-2019,22-04-2019,Park West Hotel,$104,3.1/5,406
21-04-2019,22-04-2019,DoubleTree by Hilton Hotel New York - Times Square South,$107,3.8/5,"3,025"
21-04-2019,22-04-2019,DoubleTree by Hilton Metropolitan - New York City,$159,4.0/5,"10,631"
21-04-2019,22-04-2019,The Box House Hotel,$229,4.6/5,"1,141"
21-04-2019,22-04-2019,InterContinental - New York Times Square,$200,4.3/5,"2,506"
21-04-2019,22-04-2019,The Manhattan at Times Square Hotel,$85,3.3/5,"10,404"
21-04-2019,22-04-2019,Pod 51,$119,4.0/5,"15,433"
21-04-2019,22-04-2019,Row NYC,$99,3.6/5,"13,011"
21-04-2019,22-04-2019,Hyatt Place Long Island City/New York City,$159,4.5/5,250
21-04-2019,22-04-2019,Hotel 48LEX New York,$170,4.4/5,"1,045"
21-04-2019,22-04-2019,Royalton Park Avenue,$165,4.3/5,"1,046"
21-04-2019,22-04-2019,The Watson Hotel,$85,3.9/5,"4,024"
21-04-2019,22-04-2019,Cambria Hotel New York - Times Square,$119,4.5/5,"1,120"
21-04-2019,22-04-2019,Hotel Boutique at Grand Central,$129,4.4/5,"1,649"
21-04-2019,22-04-2019,Merrion Row Hotel and Public House,$160,4.7/5,77
21-04-2019,22-04-2019,Hotel Hayden,$115,4.1/5,518
21-04-2019,22-04-2019,Edge Hotel,$169,4.4/5,401
21-04-2019,22-04-2019,"Club Quarters Hotel, opposite Rockefeller Center",$139,4.1/5,"4,121"
21-04-2019,22-04-2019,The Manhattan Club,$159,4.2/5,"1,200"
21-04-2019,22-04-2019,Ace Hotel New York,$143,4.3/5,"1,643"
21-04-2019,22-04-2019,WestHouse New York,$160,4.3/5,"1,832"
21-04-2019,22-04-2019,"Club Quarters Hotel, Grand Central",$139,4.4/5,"1,836"
21-04-2019,22-04-2019,The Local,$66,4.3/5,396
21-04-2019,22-04-2019,AirTrain Plaza Hotel JFK Airport,$112,3.2/5,68
21-04-2019,22-04-2019,Cassa Hotel NY 45th Street,$140,4.4/5,"2,267"
21-04-2019,22-04-2019,The Belvedere Hotel,$114,4.2/5,"21,131"
21-04-2019,22-04-2019,TRYP By Wyndham Times Square South,$115,4.2/5,"2,992"
21-04-2019,22-04-2019,Soho Grand Hotel,$159,4.3/5,"1,547"
21-04-2019,22-04-2019,The Time New York,$169,4.2/5,731
21-04-2019,22-04-2019,citizenM New York Bowery,$139,4.7/5,586
21-04-2019,22-04-2019,Freehand New York,$139,4.4/5,540
21-04-2019,22-04-2019,Hotel Mela Times Square,$99,4.0/5,"4,597"
21-04-2019,22-04-2019,Executive Hotel Le Soleil New York,$135,4.4/5,"1,494"
21-04-2019,22-04-2019,The Hotel @ Fifth Avenue,$119,4.0/5,135
21-04-2019,22-04-2019,Gansevoort Meatpacking,$180,4.3/5,768
21-04-2019,22-04-2019,The Lex NYC,$119,4.4/5,861
21-04-2019,22-04-2019,RIU Plaza New York Times Square,$151,4.3/5,"2,967"
21-04-2019,22-04-2019,Refinery Hotel,$172,4.6/5,"1,814"
21-04-2019,22-04-2019,The Central Park North,$149,3.3/5,316
21-04-2019,22-04-2019,Dream Midtown,$185,4.1/5,"2,441"
21-04-2019,22-04-2019,Mondrian Park Avenue,$205,4.4/5,726
21-04-2019,22-04-2019,Marrakech Hotel New York City,$116,3.2/5,"1,483"
21-04-2019,22-04-2019,Royalton Hotel,$169,4.2/5,"2,065"
21-04-2019,22-04-2019,Flatiron Hotel,$129,3.7/5,"1,218"
21-04-2019,22-04-2019,Viceroy Central Park New York,$212,4.1/5,"1,381"
21-04-2019,22-04-2019,The Shoreham Hotel,$189,3.8/5,"2,204"
21-04-2019,22-04-2019,Hotel 50 Bowery NYC,$151,4.7/5,877
21-04-2019,22-04-2019,Carvi Hotel New York,$119,4.2/5,501
21-04-2019,22-04-2019,Stewart Hotel,$109,3.9/5,"9,527"
21-04-2019,22-04-2019,LUMA Hotel Times Square,$170,4.7/5,979
21-04-2019,22-04-2019,Chelsea Inn,$83,3.7/5,535
21-04-2019,22-04-2019,The Hoxton Williamsburg,$239,4.7/5,171
21-04-2019,22-04-2019,Sheraton LaGuardia East Hotel,$269,4.0/5,480
21-04-2019,22-04-2019,Hotel Edison,$92,3.7/5,"17,914"
21-04-2019,22-04-2019,The Marmara Park Avenue,$208,4.4/5,431
21-04-2019,22-04-2019,The Moderne,$127,4.2/5,"1,547"
21-04-2019,22-04-2019,Pod 39,$125,4.2/5,"11,285"
21-04-2019,22-04-2019,Hilton Garden Inn Long Island City Queensboro Bridge,$139,4.4/5,887
21-04-2019,22-04-2019,The Mansfield Hotel,$99,3.7/5,"2,215"
21-04-2019,22-04-2019,HI New York City,$56,4.2/5,465
21-04-2019,22-04-2019,Hillside Hotel,$129,3.5/5,211
21-04-2019,22-04-2019,Hotel RL Brooklyn,$116,4.1/5,754
21-04-2019,22-04-2019,Lotte New York Palace,$275,4.6/5,"7,275"
21-04-2019,22-04-2019,Adria Hotel And Conference Center,$149,3.7/5,"1,232"
21-04-2019,22-04-2019,The Redbury New York,$169,4.0/5,730
21-04-2019,22-04-2019,The Gregory Hotel,$169,4.0/5,"1,323"
21-04-2019,22-04-2019,Excelsior Hotel,$251,4.2/5,"2,784"
21-04-2019,22-04-2019,Seton Hotel,$155,4.0/5,"1,922"
21-04-2019,22-04-2019,Americana Inn,$71,3.2/5,"2,324"
21-04-2019,22-04-2019,The Iroquois New York,$179,4.5/5,"2,408"
21-04-2019,22-04-2019,Millennium Premier New York Times Square,$157,4.2/5,"1,830"
21-04-2019,22-04-2019,The Sohotel,$119,4.0/5,"1,239"
21-04-2019,22-04-2019,La Quinta by Wyndham New York City Central Park,$109,3.8/5,579
21-04-2019,22-04-2019,Courtyard Long Island City/New York Manhattan View,$149,4.5/5,364
21-04-2019,22-04-2019,The Roger Smith Hotel,$179,4.1/5,"2,193"
21-04-2019,22-04-2019,The Marmara Manhattan,$337,4.2/5,801
21-04-2019,22-04-2019,Hotel Shocard at Times Square,$99,3.9/5,252
21-04-2019,22-04-2019,Avalon Hotel,$186,4.1/5,"2,088"
21-04-2019,22-04-2019,Hyatt Herald Square New York,$129,4.2/5,755
21-04-2019,22-04-2019,6 Columbus Central Park a Sixty Hotel,$176,3.7/5,503
21-04-2019,22-04-2019,Park South Hotel,$179,4.6/5,718
21-04-2019,22-04-2019,The Benjamin,$170,4.4/5,"1,783"
21-04-2019,22-04-2019,Millennium Times Square New York,$169,4.0/5,"13,285"
21-04-2019,22-04-2019,The Bryant Park Hotel,$235,4.6/5,"1,834"
21-04-2019,22-04-2019,Hyatt Centric Times Square New York,$199,4.6/5,"4,880"
21-04-2019,22-04-2019,Nyma The New York Manhattan Hotel,$99,3.7/5,807
21-04-2019,22-04-2019,Dream Downtown,$212,4.0/5,"1,877"
21-04-2019,22-04-2019,The Knickerbocker Hotel,$236,4.6/5,"1,677"
21-04-2019,22-04-2019,The Evelyn Hotel,$159,3.7/5,"2,024"
21-04-2019,22-04-2019,The Tillary Hotel,$119,4.1/5,"1,055"
21-04-2019,22-04-2019,The Mark,$725,4.8/5,508
21-04-2019,22-04-2019,Cachet Boutique New York,$160,3.9/5,"1,384"
21-04-2019,22-04-2019,Hyatt Place New York Midtown South,$129,4.3/5,"1,653"
21-04-2019,22-04-2019,Fifty Hotel & Suites by Affinia,$179,4.2/5,"2,260"
21-04-2019,22-04-2019,Parker New York,$239,4.1/5,287
21-04-2019,22-04-2019,Amsterdam Court Hotel,$143,3.4/5,"2,508"
21-04-2019,22-04-2019,Hampton Inn Manhattan/Times Square Central,$119,4.5/5,"2,831"
21-04-2019,22-04-2019,"The Lexington Hotel, Autograph Collection",$176,4.1/5,"4,596"
21-04-2019,22-04-2019,Hilton Times Square,$129,4.5/5,"6,885"
21-04-2019,22-04-2019,Warwick New York,$175,4.4/5,"5,513"
21-04-2019,22-04-2019,Crowne Plaza HY36 Midtown Manhattan,$155,4.5/5,656
21-04-2019,22-04-2019,Hilton Garden Inn New York/Manhattan-Chelsea,$119,4.2/5,"2,317"
21-04-2019,22-04-2019,"The Paul Hotel NYC-Chelsea, an Ascend Hotel Collection Member",$99,3.9/5,848
21-04-2019,22-04-2019,Aloft Harlem,$144,4.4/5,"1,115"
21-04-2019,22-04-2019,NoMo SoHo,$131,4.2/5,"1,970"
21-04-2019,22-04-2019,Omni Berkshire Place,$215,4.5/5,"3,803"
21-04-2019,22-04-2019,Kimpton Hotel Eventi,$167,4.5/5,"2,191"
21-04-2019,22-04-2019,DoubleTree by Hilton New York City - Financial District,$149,4.0/5,"3,417"
21-04-2019,22-04-2019,Kimpton Ink48 Hotel,$158,4.4/5,"1,969"
21-04-2019,22-04-2019,Courtyard by Marriott New York City Manhattan Midtown East,$139,4.4/5,"3,718"
21-04-2019,22-04-2019,Moxy NYC Times Square,$109,4.3/5,917
21-04-2019,22-04-2019,New York Hilton Midtown,$170,4.1/5,"14,460"
21-04-2019,22-04-2019,Best Western Plus Hospitality House,$153,4.4/5,677
21-04-2019,22-04-2019,InterContinental New York Barclay,$209,4.3/5,"1,966"
21-04-2019,22-04-2019,Concorde Hotel New York,$207,4.5/5,369
21-04-2019,22-04-2019,Anchor Inn,$131,3.1/5,746
21-04-2019,22-04-2019,The Michelangelo Hotel,$240,4.6/5,"2,478"
21-04-2019,22-04-2019,The Standard East Village,$165,4.3/5,"1,174"
21-04-2019,22-04-2019,Dylan Hotel NYC,$170,3.7/5,539
21-04-2019,22-04-2019,Heritage Hotel,$118,3.6/5,519
21-04-2019,22-04-2019,"Club Quarters Hotel, Wall Street",$127,4.2/5,"4,585"
21-04-2019,22-04-2019,Gardens Suites Hotel by Affinia,$360,4.3/5,"1,266"
21-04-2019,22-04-2019,Gramercy Park Hotel,$332,4.3/5,912
21-04-2019,22-04-2019,Four Points by Sheraton Manhattan - Chelsea,$109,4.1/5,"1,610"
21-04-2019,22-04-2019,Hotel 32 32,$135,4.1/5,"2,100"
21-04-2019,22-04-2019,Best Western Queens Gold Coast,$148,3.8/5,600
21-04-2019,22-04-2019,Hotel St. James,$95,3.7/5,"12,357"
21-04-2019,22-04-2019,The Towers at Lotte New York Palace,$510,4.7/5,326
21-04-2019,22-04-2019,Best Western Fort Lee,$102,3.5/5,973
21-04-2019,22-04-2019,Novotel New York Times Square,$179,4.4/5,"4,509"
21-04-2019,22-04-2019,Night Hotel Times Square,$139,3.6/5,"1,870"
21-04-2019,22-04-2019,Hotel Sofitel New York,$199,4.6/5,"5,000"
21-04-2019,22-04-2019,Broadway Hotel and Hostel,$54,3.3/5,"1,060"
21-04-2019,22-04-2019,Iberostar 70 Park Avenue,$229,4.2/5,"2,469"
21-04-2019,22-04-2019,Candlewood Suites New York City-Times Square,$109,4.2/5,"1,915"
21-04-2019,22-04-2019,Hampton Inn Manhattan/Times Square South,$125,4.2/5,"3,746"
21-04-2019,22-04-2019,Courtyard by Marriott New York Manhattan/Times Square,$129,4.3/5,"1,633"
21-04-2019,22-04-2019,Courtyard by Marriott New York Manhattan / Central Park,$139,4.3/5,"1,099"
21-04-2019,22-04-2019,Fairfield Inn & Suites New York Queens/Queensboro Bridge,$189,4.2/5,"1,240"
21-04-2019,22-04-2019,"The Langham, New York, Fifth Avenue",$445,4.7/5,"1,381"
21-04-2019,22-04-2019,Chambers Hotel,$208,4.4/5,435
21-04-2019,22-04-2019,11 Howard,$199,4.3/5,394
21-04-2019,22-04-2019,Courtyard by Marriott New York Queens/Fresh Meadows,$194,4.5/5,133
21-04-2019,22-04-2019,Mayfair New York,$138,3.4/5,"3,185"
21-04-2019,22-04-2019,The Dominick,$295,4.5/5,400
21-04-2019,22-04-2019,Wolcott Hotel,$200,3.9/5,"1,227"
21-04-2019,22-04-2019,Super 8 by Wyndham Long Island City LGA Hotel,$200,3.3/5,407
21-04-2019,22-04-2019,Comfort Inn & Suites,$129,3.3/5,13
21-04-2019,22-04-2019,West Side YMCA,$90,3.3/5,"1,917"
21-04-2019,22-04-2019,Staybridge Suites Times Square,$119,4.3/5,"5,821"
21-04-2019,22-04-2019,Hotel Beacon,$309,4.5/5,"1,838"
21-04-2019,22-04-2019,"The Carlyle, A Rosewood Hotel",$845,4.5/5,543
21-04-2019,22-04-2019,Hotel 31,$142,4.0/5,"2,263"
21-04-2019,22-04-2019,"Martinique New York on Broadway, Curio Collection by Hilton",$159,4.1/5,"4,279"
21-04-2019,22-04-2019,The Library Hotel by Library Hotel Collection,$287,4.8/5,656
21-04-2019,22-04-2019,1 Hotel Brooklyn Bridge,$339,4.6/5,555
21-04-2019,22-04-2019,Hampton Inn New York - 35th Street - Empire State Building,$109,4.3/5,"2,180"
21-04-2019,22-04-2019,"Hotel Henri, A Wyndham Hotel",$109,4.0/5,445
21-04-2019,22-04-2019,"Night Hotel Theater District, Times Square",$189,4.0/5,"1,262"
21-04-2019,22-04-2019,The Westin New York Grand Central,$209,4.3/5,"2,405"
21-04-2019,22-04-2019,Trump International Hotel & Tower New York,$525,4.6/5,"1,038"
21-04-2019,22-04-2019,Archer Hotel New York,$219,4.6/5,"2,706"
21-04-2019,22-04-2019,The Westin New York at Times Square,$159,4.3/5,"7,309"
21-04-2019,22-04-2019,Holiday Inn Express - New York City Chelsea,$100,4.1/5,"2,303"
21-04-2019,22-04-2019,Econo Lodge Times Square,$99,3.8/5,"1,039"
21-04-2019,22-04-2019,Casamia 36 Hotel,$127,3.8/5,913
21-04-2019,22-04-2019,Hotel Indigo Lower East Side New York,$149,4.4/5,905
21-04-2019,22-04-2019,Blakely New York,$195,4.4/5,993
21-04-2019,22-04-2019,Holiday Inn Express Manhattan Times Square South,$109,4.3/5,"1,665"
21-04-2019,22-04-2019,Residence Inn by Marriott New York Manhattan/Midtown East,$149,4.5/5,"1,157"
21-04-2019,22-04-2019,World Center Hotel,$152,4.3/5,"2,445"
21-04-2019,22-04-2019,Vanderbilt YMCA,$115,3.3/5,"1,522"
21-04-2019,22-04-2019,Franklin Guesthouse,$349,4.7/5,171
21-04-2019,22-04-2019,Hampton Inn Madison Square Garden Area Hotel,$129,4.2/5,"3,204"
21-04-2019,22-04-2019,GEM Hotel - Chelsea,$129,4.0/5,"1,284"
21-04-2019,22-04-2019,New York Marriott East Side,$229,4.1/5,"2,206"
21-04-2019,22-04-2019,W New York - Times Square,$229,4.1/5,"2,285"
21-04-2019,22-04-2019,Comfort Inn Midtown West,$103,3.8/5,"1,560"
21-04-2019,22-04-2019,Hilton Garden Inn New York Times Square South,$195,4.5/5,847
21-04-2019,22-04-2019,AC Hotel by Marriott New York Times Square,$139,4.6/5,332
21-04-2019,22-04-2019,SpringHill Suites by Marriott New York Midtown Manhattan,$149,4.4/5,871
21-04-2019,22-04-2019,Quality Inn,$109,3.4/5,50
21-04-2019,22-04-2019,Residence Inn by Marriott New York Manhattan/Times Square,$139,4.4/5,"1,656"
21-04-2019,22-04-2019,"The Pierre, A Taj Hotel, New York",$595,4.7/5,950
21-04-2019,22-04-2019,Hotel On Rivington,$180,4.3/5,"1,008"
21-04-2019,22-04-2019,Bklyn House,$139,4.0/5,488
21-04-2019,22-04-2019,Residence Inn by Marriott Weehawken,$159,4.7/5,49
21-04-2019,22-04-2019,Holiday Inn New York City - Times Square,$139,4.2/5,"1,896"
21-04-2019,22-04-2019,Renaissance New York Midtown Hotel,$199,4.6/5,517
21-04-2019,22-04-2019,The Surrey,$575,4.6/5,948
21-04-2019,22-04-2019,Holiday Inn Express New York - Manhattan West Side,$114,4.1/5,"1,928"
21-04-2019,22-04-2019,The Kitano Hotel New York,$249,4.5/5,"1,968"
21-04-2019,22-04-2019,Fairfield Inn by Marriott New York Manhattan/Fifth Avenue,$109,4.2/5,677
21-04-2019,22-04-2019,Courtyard by Marriott New York Manhattan/Herald Square,$159,4.4/5,"1,200"
21-04-2019,22-04-2019,The London NYC,$395,4.4/5,"1,892"
22-04-2019,23-04-2019,LaGuardia Plaza Hotel,$179,4.0/5,"1,977"
22-04-2019,23-04-2019,Hyatt Place Flushing/LaGuardia Airport,$220,4.2/5,793
22-04-2019,23-04-2019,Marco LaGuardia Hotel,$139,4.1/5,926
22-04-2019,23-04-2019,Extended Stay America New York City - LaGuardia Airport,$140,3.4/5,755
22-04-2019,23-04-2019,John Hotel,$139,4.1/5,568
22-04-2019,23-04-2019,Staybridge Suites Times Square,$139,4.3/5,"5,823"
22-04-2019,23-04-2019,Lic Plaza Hotel,$139,4.2/5,6
22-04-2019,23-04-2019,Hotel De Point,$159,3.9/5,347
22-04-2019,23-04-2019,ibis Styles New York LaGuardia Airport,$179,4.3/5,908
22-04-2019,23-04-2019,The Parc Hotel,$159,3.9/5,886
22-04-2019,23-04-2019,The Paper Factory Hotel,$139,4.2/5,"1,510"
22-04-2019,23-04-2019,Grandview Hotel New York,$125,4.1/5,286
22-04-2019,23-04-2019,Comfort Inn LaGuardia Airport - 83rd St,$140,3.7/5,"1,134"
22-04-2019,23-04-2019,Corona Hotel,$138,3.2/5,133
22-04-2019,23-04-2019,Prince Flushing Hotel,$118,3.5/5,359
22-04-2019,23-04-2019,Asiatic Hotel by LaGuardia Airport,$128,3.9/5,876
22-04-2019,23-04-2019,Flushing Central Hotel,$125,3.6/5,441
22-04-2019,23-04-2019,Best Western Queens Court Hotel,$123,3.4/5,538
22-04-2019,23-04-2019,The Boro Hotel,$179,4.3/5,717
22-04-2019,23-04-2019,Opera House Hotel,$149,4.5/5,"2,050"
22-04-2019,23-04-2019,Hotel Nirvana,$100,3.8/5,204
22-04-2019,23-04-2019,The Park Ave North,$64,3.8/5,307
22-04-2019,23-04-2019,Hotel Vetiver,$99,3.7/5,"1,110"
22-04-2019,23-04-2019,The One Boutique Hotel,$149,3.6/5,313
22-04-2019,23-04-2019,Aloft New York LaGuardia Airport,$199,3.5/5,"2,086"
22-04-2019,23-04-2019,Comfort Inn & Suites,$110,3.4/5,14
22-04-2019,23-04-2019,Ramada by Wyndham Long Island City,$99,3.3/5,"1,811"
22-04-2019,23-04-2019,Z NYC Hotel,$184,4.0/5,"2,184"
22-04-2019,23-04-2019,Giorgio Hotel,$39,3.9/5,360
22-04-2019,23-04-2019,Mayflower Boutique Hotel,$112,3.2/5,249
22-04-2019,23-04-2019,Ravel Hotel Trademark Collection by Wyndham,$134,3.7/5,"1,684"
22-04-2019,23-04-2019,Hampton Inn New York - LaGuardia Airport,$195,4.2/5,"1,246"
22-04-2019,23-04-2019,LIC Hotel,$126,4.4/5,"1,648"
22-04-2019,23-04-2019,Westgate New York Grand Central,$161,3.9/5,502
22-04-2019,23-04-2019,New York LaGuardia Airport Marriott,$299,4.1/5,978
22-04-2019,23-04-2019,The Box House Hotel,$206,4.6/5,"1,146"
22-04-2019,23-04-2019,The Franklin Hotel,$226,3.8/5,"1,697"
22-04-2019,23-04-2019,Red Lion Inn & Suites Long Island City,$171,3.8/5,"1,987"
22-04-2019,23-04-2019,Best Western Plus Plaza Hotel,$186,4.0/5,"2,857"
22-04-2019,23-04-2019,Feather Factory,$168,4.1/5,399
22-04-2019,23-04-2019,Howard Johnson by Wyndham Long Island City,$145,3.5/5,"1,196"
22-04-2019,23-04-2019,Empire Hotel,$135,3.8/5,"7,968"
22-04-2019,23-04-2019,Park Central Hotel New York,$109,3.9/5,"8,173"
22-04-2019,23-04-2019,"PUBLIC, an Ian Schrager hotel",$195,4.4/5,"1,350"
22-04-2019,23-04-2019,Days Inn by Wyndham Long Island City,$152,3.2/5,"1,637"
22-04-2019,23-04-2019,Belnord Hotel,$100,3.7/5,"4,721"
22-04-2019,23-04-2019,Fairfield Inn by Marriott LaGuardia Airport/Flushing,$189,4.1/5,"1,117"
22-04-2019,23-04-2019,YOTEL New York,$117,4.3/5,"13,324"
22-04-2019,23-04-2019,Arthouse Hotel New York City,$207,4.2/5,"6,034"
22-04-2019,23-04-2019,Fitzpatrick Grand Central,$158,4.4/5,"1,928"
22-04-2019,23-04-2019,Microtel Inn by Wyndham Long Island City,$164,4.1/5,39
22-04-2019,23-04-2019,Crowne Plaza JFK Airport New York City,$199,3.7/5,"1,158"
22-04-2019,23-04-2019,New York Marriott East Side,$279,4.1/5,"2,209"
22-04-2019,23-04-2019,Park Lane Hotel,$160,4.0/5,"8,366"
22-04-2019,23-04-2019,Hotel Plaza Athenee,$389,4.5/5,"1,054"
22-04-2019,23-04-2019,Sheraton LaGuardia East Hotel,$299,4.0/5,480
22-04-2019,23-04-2019,"The Roosevelt Hotel, New York City",$159,3.6/5,"26,112"
22-04-2019,23-04-2019,The William Vale Hotel,$319,4.6/5,624
22-04-2019,23-04-2019,Pod 51,$129,4.0/5,"15,435"
22-04-2019,23-04-2019,The Williamsburg Hotel,$240,4.2/5,261
22-04-2019,23-04-2019,Best Western Plus Stadium Inn,$135,4.3/5,112
22-04-2019,23-04-2019,Park West Hotel,$97,3.1/5,407
22-04-2019,23-04-2019,Wyndham Garden Fresh Meadows Flushing,$160,3.8/5,"1,047"
22-04-2019,23-04-2019,Pod Brooklyn,$119,4.4/5,994
22-04-2019,23-04-2019,Loews Regency New York Hotel,$499,4.6/5,"1,285"
22-04-2019,23-04-2019,Hotel Newton,$100,3.8/5,"2,462"
22-04-2019,23-04-2019,The Local,$66,4.3/5,396
22-04-2019,23-04-2019,Wellington Hotel,$99,3.7/5,"14,150"
22-04-2019,23-04-2019,Salisbury Hotel,$129,4.0/5,"18,771"
22-04-2019,23-04-2019,Shelburne Hotel & Suites by Affinia,$165,4.3/5,"4,947"
22-04-2019,23-04-2019,Wyndham Garden Long Island City,$175,3.9/5,"1,342"
22-04-2019,23-04-2019,Edge Hotel,$179,4.4/5,402
22-04-2019,23-04-2019,Four Points by Sheraton Long Island City Queensboro Bridge,$159,4.1/5,"1,140"
22-04-2019,23-04-2019,Airway Inn at LaGuardia,$139,2.8/5,559
22-04-2019,23-04-2019,Queens County Inn & Suites,$139,3.4/5,493
22-04-2019,23-04-2019,Comfort Inn & Suites LaGuardia Airport,$160,3.9/5,738
22-04-2019,23-04-2019,"Hudson New York, Central Park",$149,3.5/5,"8,977"
22-04-2019,23-04-2019,The Manhattan Club,$159,4.2/5,"1,200"
22-04-2019,23-04-2019,Hotel Wales,$225,4.0/5,"1,007"
22-04-2019,23-04-2019,Holiday Inn - Long Island City - Manhattan View,$175,4.2/5,"1,555"
22-04-2019,23-04-2019,Ace Hotel New York,$143,4.3/5,"1,647"
22-04-2019,23-04-2019,Bentley Hotel,$249,3.9/5,"4,989"
22-04-2019,23-04-2019,Arlo NoMad,$215,4.4/5,"1,552"
22-04-2019,23-04-2019,The Lucerne Hotel,$169,4.4/5,"3,701"
22-04-2019,23-04-2019,Hotel Boutique at Grand Central,$189,4.4/5,"1,654"
22-04-2019,23-04-2019,Sanctuary Hotel New York,$179,4.4/5,"1,096"
22-04-2019,23-04-2019,Marrakech Hotel New York City,$95,3.2/5,"1,483"
22-04-2019,23-04-2019,Aliz Hotel Times Square,$140,4.3/5,370
22-04-2019,23-04-2019,AirTrain Plaza Hotel JFK Airport,$116,3.1/5,72
22-04-2019,23-04-2019,Hotel Le Jolie,$155,4.4/5,882
22-04-2019,23-04-2019,"Club Quarters, Times Square - Midtown",$157,4.1/5,"4,196"
22-04-2019,23-04-2019,Merrion Row Hotel and Public House,$210,4.7/5,77
22-04-2019,23-04-2019,Dream Midtown,$195,4.1/5,"2,443"
22-04-2019,23-04-2019,Comfort Inn & Suites near Stadium,$169,4.3/5,354
22-04-2019,23-04-2019,Paramount Times Square,$119,3.5/5,"13,282"
22-04-2019,23-04-2019,Viceroy Central Park New York,$212,4.1/5,"1,382"
22-04-2019,23-04-2019,LeTap Hotel near AirTrain JFK Airport,$156,3.2/5,67
22-04-2019,23-04-2019,Freehand New York,$199,4.4/5,542
22-04-2019,23-04-2019,Flatiron Hotel,$139,3.7/5,"1,219"
22-04-2019,23-04-2019,The Manhattan at Times Square Hotel,$119,3.3/5,"10,413"
22-04-2019,23-04-2019,RIU Plaza New York Times Square,$170,4.3/5,"2,971"
22-04-2019,23-04-2019,Row NYC,$119,3.6/5,"13,015"
22-04-2019,23-04-2019,City Club Hotel,$129,4.3/5,"2,383"
22-04-2019,23-04-2019,Hotel 48LEX New York,$251,4.4/5,"1,045"
22-04-2019,23-04-2019,Courtyard Long Island City/New York Manhattan View,$199,4.4/5,366
22-04-2019,23-04-2019,Grand Hyatt New York,$199,4.1/5,"10,702"
22-04-2019,23-04-2019,Pod Times Square,$129,4.5/5,"2,359"
22-04-2019,23-04-2019,Ameritania at Times Square,$143,4.0/5,"4,567"
22-04-2019,23-04-2019,The Belvedere Hotel,$135,4.2/5,"21,141"
22-04-2019,23-04-2019,Holiday Inn Express Maspeth,$180,4.0/5,794
22-04-2019,23-04-2019,Adria Hotel And Conference Center,$145,3.7/5,"1,232"
22-04-2019,23-04-2019,Fitzpatrick Manhattan Hotel,$258,4.5/5,"1,530"
22-04-2019,23-04-2019,WestHouse New York,$199,4.3/5,"1,833"
22-04-2019,23-04-2019,"Club Quarters Hotel, opposite Rockefeller Center",$179,4.1/5,"4,123"
22-04-2019,23-04-2019,"The Vue Hotel, an Ascend Hotel Collection Member",$159,4.3/5,320
22-04-2019,23-04-2019,The Hoxton Williamsburg,$279,4.7/5,172
22-04-2019,23-04-2019,Home2 Suites by Hilton NY Long Island City/Manhattan View,$218,4.5/5,808
22-04-2019,23-04-2019,citizenM New York Bowery,$183,4.7/5,593
22-04-2019,23-04-2019,The Time New York,$199,4.2/5,734
22-04-2019,23-04-2019,Hyatt Place Long Island City/New York City,$229,4.5/5,250
22-04-2019,23-04-2019,Best Western Jamaica Inn,$136,3.8/5,"1,317"
22-04-2019,23-04-2019,Millennium Times Square New York,$169,4.0/5,"13,287"
22-04-2019,23-04-2019,The Hotel @ Fifth Avenue,$144,4.0/5,135
22-04-2019,23-04-2019,Excelsior Hotel,$251,4.2/5,"2,787"
22-04-2019,23-04-2019,Fifty Hotel & Suites by Affinia,$179,4.2/5,"2,264"
22-04-2019,23-04-2019,The Pearl New York,$179,4.7/5,"3,561"
22-04-2019,23-04-2019,Hotel 50 Bowery NYC,$167,4.7/5,877
22-04-2019,23-04-2019,"Club Quarters Hotel, Grand Central",$199,4.4/5,"1,837"
22-04-2019,23-04-2019,Executive Hotel Le Soleil New York,$159,4.4/5,"1,494"
22-04-2019,23-04-2019,The James New York - NoMad,$275,4.2/5,882
22-04-2019,23-04-2019,The Marmara Manhattan,$375,4.2/5,801
22-04-2019,23-04-2019,The Moderne,$143,4.2/5,"1,547"
22-04-2019,23-04-2019,La Quinta by Wyndham New York City Central Park,$129,3.8/5,579
22-04-2019,23-04-2019,HI New York City,$61,4.2/5,466
22-04-2019,23-04-2019,Chelsea Inn,$101,3.7/5,535
22-04-2019,23-04-2019,The Mark,$725,4.8/5,509
22-04-2019,23-04-2019,Pod 39,$160,4.2/5,"11,290"
22-04-2019,23-04-2019,LUMA Hotel Times Square,$205,4.7/5,981
22-04-2019,23-04-2019,Hillside Hotel,$129,3.5/5,212
22-04-2019,23-04-2019,Royalton Hotel,$199,4.2/5,"2,068"
22-04-2019,23-04-2019,San Carlos Hotel,$240,4.5/5,"1,583"
22-04-2019,23-04-2019,GWB Hotel,$110,3.1/5,44
22-04-2019,23-04-2019,TRYP By Wyndham Times Square South,$157,4.2/5,"2,993"
22-04-2019,23-04-2019,Avalon Hotel,$221,4.1/5,"2,092"
22-04-2019,23-04-2019,Super 8 by Wyndham Long Island City LGA Hotel,$180,3.3/5,407
22-04-2019,23-04-2019,Courtyard by Marriott New York Manhattan/Upper East Side,$259,4.1/5,"2,294"
22-04-2019,23-04-2019,Parker New York,$269,4.1/5,288
22-04-2019,23-04-2019,Gardens Suites Hotel by Affinia,$377,4.3/5,"1,266"
22-04-2019,23-04-2019,The Iroquois New York,$199,4.5/5,"2,408"
22-04-2019,23-04-2019,The Jewel facing Rockefeller Center,$199,4.5/5,"5,463"
22-04-2019,23-04-2019,Seton Hotel,$170,4.0/5,"1,922"
22-04-2019,23-04-2019,Cassa Hotel NY 45th Street,$190,4.4/5,"2,270"
22-04-2019,23-04-2019,Carnegie Hotel,$233,4.6/5,785
22-04-2019,23-04-2019,Warwick New York,$175,4.4/5,"5,514"
22-04-2019,23-04-2019,1 Hotel Central Park,$509,4.6/5,844
22-04-2019,23-04-2019,Refinery Hotel,$239,4.6/5,"1,815"
22-04-2019,23-04-2019,Stewart Hotel,$129,3.9/5,"9,528"
22-04-2019,23-04-2019,Best Western Queens Gold Coast,$144,3.8/5,600
22-04-2019,23-04-2019,Anchor Inn,$131,3.1/5,746
22-04-2019,23-04-2019,The Watson Hotel,$175,3.9/5,"4,035"
22-04-2019,23-04-2019,Hilton Garden Inn Long Island City Queensboro Bridge,$249,4.4/5,888
22-04-2019,23-04-2019,Fairfield Inn & Suites New York Queens/Queensboro Bridge,$179,4.2/5,"1,240"
22-04-2019,23-04-2019,Gansevoort Meatpacking,$255,4.3/5,768
22-04-2019,23-04-2019,The Maxwell New York City,$199,3.9/5,"2,684"
22-04-2019,23-04-2019,Mondrian Park Avenue,$275,4.4/5,728
22-04-2019,23-04-2019,Park Terrace Hotel on Bryant Park,$295,4.7/5,186
22-04-2019,23-04-2019,Holiday Inn Express-Bronx,$169,4.0/5,137
22-04-2019,23-04-2019,EVEN Hotel New York- Midtown East,$189,4.5/5,969
22-04-2019,23-04-2019,Hyatt Centric Times Square New York,$239,4.6/5,"4,882"
22-04-2019,23-04-2019,Bogart Hotel,$149,3.8/5,268
22-04-2019,23-04-2019,Hotel Hayden,$190,4.1/5,519
22-04-2019,23-04-2019,Wolcott Hotel,$200,3.9/5,"1,230"
22-04-2019,23-04-2019,The Towers at Lotte New York Palace,$635,4.7/5,326
22-04-2019,23-04-2019,Hotel RL Brooklyn,$167,4.1/5,755
22-04-2019,23-04-2019,Lotte New York Palace,$380,4.6/5,"7,279"
22-04-2019,23-04-2019,The Lex NYC,$199,4.4/5,861
22-04-2019,23-04-2019,Hotel Mela Times Square,$159,4.0/5,"4,601"
22-04-2019,23-04-2019,Mayfair New York,$132,3.4/5,"3,192"
22-04-2019,23-04-2019,Roxy Hotel Tribeca,$209,4.5/5,821
22-04-2019,23-04-2019,Broadway Plaza Hotel,$149,4.2/5,"2,254"
22-04-2019,23-04-2019,Gramercy Park Hotel,$360,4.3/5,912
22-04-2019,23-04-2019,Concorde Hotel New York,$239,4.5/5,370
22-04-2019,23-04-2019,DoubleTree by Hilton Metropolitan - New York City,$179,4.0/5,"10,632"
22-04-2019,23-04-2019,Flushing Hotel,$130,2.7/5,564
22-04-2019,23-04-2019,Hotel 31,$100,4.0/5,"2,264"
22-04-2019,23-04-2019,Riverside Tower Hotel,$109,3.4/5,528
22-04-2019,23-04-2019,The Library Hotel by Library Hotel Collection,$332,4.8/5,657
22-04-2019,23-04-2019,Broadway Hotel and Hostel,$50,3.3/5,"1,060"
22-04-2019,23-04-2019,The Shoreham Hotel,$319,3.8/5,"2,205"
22-04-2019,23-04-2019,The New Yorker A Wyndham Hotel,$134,3.9/5,"18,767"
22-04-2019,23-04-2019,The Knickerbocker Hotel,$280,4.6/5,"1,681"
22-04-2019,23-04-2019,Amsterdam Court Hotel,$167,3.4/5,"2,508"
22-04-2019,23-04-2019,The NoMad Hotel,$276,4.7/5,516
22-04-2019,23-04-2019,Purple Garden Guesthouse LGA,$68,2.5/5,20
22-04-2019,23-04-2019,Cachet Boutique New York,$195,3.9/5,"1,386"
22-04-2019,23-04-2019,The Surrey,$595,4.6/5,950
22-04-2019,23-04-2019,The Michelangelo Hotel,$260,4.6/5,"2,484"
22-04-2019,23-04-2019,West Side YMCA,$90,3.3/5,"1,917"
22-04-2019,23-04-2019,The Vue Inn Brooklyn,$110,3.3/5,4
22-04-2019,23-04-2019,Americana Inn,$109,3.2/5,"2,326"
22-04-2019,23-04-2019,Henry Norman Hotel,$249,4.7/5,512
22-04-2019,23-04-2019,Millennium Premier New York Times Square,$205,4.2/5,"1,830"
22-04-2019,23-04-2019,The Roger Smith Hotel,$249,4.1/5,"2,194"
22-04-2019,23-04-2019,Trump International Hotel & Tower New York,$550,4.6/5,"1,039"
22-04-2019,23-04-2019,Hilton Garden Inn New York/Manhattan-Midtown East,$173,4.2/5,"1,543"
22-04-2019,23-04-2019,Hotel 32 32,$153,4.1/5,"2,103"
22-04-2019,23-04-2019,Dream Downtown,$242,4.0/5,"1,878"
22-04-2019,23-04-2019,The Mansfield Hotel,$154,3.7/5,"2,216"
22-04-2019,23-04-2019,The Roger,$259,4.3/5,904
22-04-2019,23-04-2019,Nyma The New York Manhattan Hotel,$129,3.7/5,807
22-04-2019,23-04-2019,The Bryant Park Hotel,$305,4.6/5,"1,838"
22-04-2019,23-04-2019,Hampton Inn Manhattan Grand Central,$169,4.3/5,"1,612"
22-04-2019,23-04-2019,The Kimberly Hotel,$279,4.6/5,"2,475"
22-04-2019,23-04-2019,"The Bernic Hotel New York City, Tapestry Collection by Hilton",$139,4.5/5,461
22-04-2019,23-04-2019,Hotel Edison,$135,3.7/5,"17,921"
22-04-2019,23-04-2019,Soho Grand Hotel,$259,4.3/5,"1,550"
22-04-2019,23-04-2019,Hotel Metro,$187,4.3/5,"3,844"
22-04-2019,23-04-2019,The Redbury New York,$229,4.0/5,732
22-04-2019,23-04-2019,6 Columbus Central Park a Sixty Hotel,$280,3.7/5,503
22-04-2019,23-04-2019,The Sohotel,$159,4.0/5,"1,241"
22-04-2019,23-04-2019,Hotel St. James,$151,3.7/5,"12,361"
22-04-2019,23-04-2019,"The Lexington Hotel, Autograph Collection",$230,4.1/5,"4,597"
22-04-2019,23-04-2019,The Andrew Hotel,$149,3.9/5,565
22-04-2019,23-04-2019,Comfort Inn,$115,3.9/5,435
22-04-2019,23-04-2019,EVEN Hotel Times Square South,$189,4.7/5,"1,280"
22-04-2019,23-04-2019,Park South Hotel,$259,4.6/5,718
22-04-2019,23-04-2019,Blakely New York,$195,4.4/5,994
22-04-2019,23-04-2019,Omni Berkshire Place,$269,4.5/5,"3,806"
22-04-2019,23-04-2019,The Dominick,$325,4.5/5,403
22-04-2019,23-04-2019,Washington Jefferson Hotel,$149,3.8/5,"2,220"
22-04-2019,23-04-2019,Chambers Hotel,$245,4.4/5,437
22-04-2019,23-04-2019,Royalton Park Avenue,$325,4.3/5,"1,046"
22-04-2019,23-04-2019,McCarren Hotel & Pool,$255,3.9/5,615
22-04-2019,23-04-2019,Hotel Beacon,$379,4.5/5,"1,839"
22-04-2019,23-04-2019,citizenM New York Times Square,$289,4.7/5,"2,085"
22-04-2019,23-04-2019,DoubleTree by Hilton Hotel New York - Times Square South,$135,3.8/5,"3,025"
22-04-2019,23-04-2019,Best Western Fort Lee,$111,3.5/5,976
22-04-2019,23-04-2019,The Gregory Hotel,$239,4.0/5,"1,324"
22-04-2019,23-04-2019,NoMo SoHo,$165,4.2/5,"1,971"
22-04-2019,23-04-2019,Midtown West Hotel,$100,3.3/5,542
22-04-2019,23-04-2019,"Club Quarters Hotel, Wall Street",$152,4.2/5,"4,591"
22-04-2019,23-04-2019,Heritage Hotel,$178,3.6/5,520
22-04-2019,23-04-2019,1 Hotel Brooklyn Bridge,$399,4.6/5,557
22-04-2019,23-04-2019,Dylan Hotel NYC,$246,3.8/5,540
22-04-2019,23-04-2019,The Bowery Hotel,$335,4.6/5,103
22-04-2019,23-04-2019,InterContinental - New York Times Square,$290,4.3/5,"2,508"
22-04-2019,23-04-2019,Life Hotel NoMad,$179,4.0/5,429
22-04-2019,23-04-2019,W New York - Times Square,$249,4.1/5,"2,285"
22-04-2019,23-04-2019,Hilton Times Square,$199,4.5/5,"6,890"
22-04-2019,23-04-2019,Quality Inn,$109,3.4/5,52
22-04-2019,23-04-2019,The Peninsula New York,$745,4.8/5,"1,337"
22-04-2019,23-04-2019,Hilton Garden Inn New York Times Square South,$195,4.5/5,848
22-04-2019,23-04-2019,Residence Inn by Marriott New York Manhattan/Midtown East,$229,4.5/5,"1,158"
22-04-2019,23-04-2019,Skyline Hotel,$202,3.9/5,"2,406"
22-04-2019,23-04-2019,Bklyn House,$149,4.0/5,489
22-04-2019,23-04-2019,The Westin New York Grand Central,$329,4.3/5,"2,408"
22-04-2019,23-04-2019,Hotel Sofitel New York,$279,4.6/5,"5,002"
22-04-2019,23-04-2019,Hyatt Place New York Midtown South,$199,4.3/5,"1,655"
22-04-2019,23-04-2019,The London NYC,$419,4.4/5,"1,892"
22-04-2019,23-04-2019,The Lowell,$608,4.7/5,118
22-04-2019,23-04-2019,The Gallivant Times Square,$199,3.5/5,"3,658"
22-04-2019,23-04-2019,Holiday Inn Manhattan 6th Ave - Chelsea,$149,3.8/5,"2,004"
22-04-2019,23-04-2019,Comfort Inn Midtown West,$179,3.8/5,"1,560"
22-04-2019,23-04-2019,The Westin New York at Times Square,$229,4.3/5,"7,317"
22-04-2019,23-04-2019,Holiday Inn Express - New York City Chelsea,$145,4.1/5,"2,304"
22-04-2019,23-04-2019,"Distrikt Hotel New York City, Tapestry Collection by Hilton",$189,4.2/5,774
22-04-2019,23-04-2019,Embassy Suites by Hilton New York Midtown Manhattan,$179,4.3/5,448
22-04-2019,23-04-2019,International Students Residence,$40,3.1/5,409
22-04-2019,23-04-2019,The Frederick Hotel,$179,4.3/5,478
22-04-2019,23-04-2019,"Umbrella Hotel, An Ascend Hotel Collection Member",$229,3.6/5,44
22-04-2019,23-04-2019,Hyatt Herald Square New York,$249,4.2/5,755
22-04-2019,23-04-2019,Courtyard by Marriott Edgewater NYC Area,$149,4.5/5,439
22-04-2019,23-04-2019,The Marmara Park Avenue,$421,4.4/5,431
22-04-2019,23-04-2019,Four Seasons Hotel New York,"$1,195",4.6/5,63
22-04-2019,23-04-2019,Off Soho Suites Hotel,$159,3.8/5,878
22-04-2019,23-04-2019,Hilton Garden Inn New York/Central Park South-Midtown West,$209,4.3/5,"2,695"
22-04-2019,23-04-2019,DoubleTree by Hilton Fort Lee - George Washington Bridge,$142,3.8/5,"1,730"
22-04-2019,23-04-2019,Moxy NYC Times Square,$159,4.3/5,917
22-04-2019,23-04-2019,Hotel Elysee by Library Hotel Collection,$233,4.6/5,647
22-04-2019,23-04-2019,Sheraton New York Times Square Hotel,$259,4.0/5,"10,385"
22-04-2019,23-04-2019,Candlewood Suites New York City-Times Square,$135,4.2/5,"1,915"
22-04-2019,23-04-2019,Midtown Convention Center Hotel,$168,3.4/5,"1,550"
22-04-2019,23-04-2019,The Plaza Hotel,$795,4.5/5,895
22-04-2019,23-04-2019,Citadines Connect Fifth Avenue New York,$189,3.9/5,"2,213"
22-04-2019,23-04-2019,Kimpton Hotel Eventi,$220,4.5/5,"2,191"
22-04-2019,23-04-2019,Novotel New York Times Square,$209,4.4/5,"4,517"
22-04-2019,23-04-2019,The Kimpton Muse Hotel,$189,4.5/5,"2,137"
22-04-2019,23-04-2019,Cambria Hotel New York - Times Square,$199,4.5/5,"1,120"
22-04-2019,23-04-2019,"The Paul Hotel NYC-Chelsea, an Ascend Hotel Collection Member",$169,3.9/5,851
22-04-2019,23-04-2019,Crowne Plaza Times Square Manhattan,$179,4.2/5,"9,277"
22-04-2019,23-04-2019,Four Points by Sheraton Manhattan - Chelsea,$149,4.1/5,"1,611"
22-04-2019,23-04-2019,The Times Square EDITION,$349,4.8/5,5
22-04-2019,23-04-2019,Homewood Suites New York/Midtown Manhattan Times Square,$139,4.5/5,"2,752"
22-04-2019,23-04-2019,Broadway Suite NY,$147,4.2/5,15
22-04-2019,23-04-2019,Hilton Garden Inn New York-Times Square Central,$169,4.2/5,"2,746"
22-04-2019,23-04-2019,Hilton Garden Inn New York/Manhattan-Chelsea,$184,4.2/5,"2,317"
22-04-2019,23-04-2019,"Mandarin Oriental, New York",$995,4.6/5,253
22-04-2019,23-04-2019,Andaz 5th Avenue - a concept by Hyatt,$395,4.7/5,948
22-04-2019,23-04-2019,Hampton Inn Manhattan/Times Square South,$163,4.2/5,"3,747"
22-04-2019,23-04-2019,Baccarat Hotel and Residences New York,$995,4.7/5,162
22-04-2019,23-04-2019,Econo Lodge Times Square,$149,3.8/5,"1,037"
22-04-2019,23-04-2019,The Lombardy Hotel,$449,4.3/5,"1,001"
22-04-2019,23-04-2019,Comfort Inn Times Square West,$139,4.1/5,"2,199"
22-04-2019,23-04-2019,Chelsea Savoy Hotel,$235,3.9/5,"3,128"
22-04-2019,23-04-2019,Park Hyatt New York,$945,4.5/5,143
22-04-2019,23-04-2019,Super 8 by Wyndham North Bergen NJ/NYC Area,$104,3.5/5,"1,876"
22-04-2019,23-04-2019,Holiday Inn New York City - Times Square,$119,4.2/5,"1,901"
22-04-2019,23-04-2019,The Townhouse Inn of Chelsea,$179,4.5/5,367
22-04-2019,23-04-2019,Chelsea Pines Inn,$178,4.2/5,465
22-04-2019,23-04-2019,Hilton Garden Inn New York/West 35th Street,$159,4.4/5,"5,494"
22-04-2019,23-04-2019,The Ridge Hotel,$172,4.2/5,550
22-04-2019,23-04-2019,NY Moore Hostel,$150,3.9/5,317
22-04-2019,23-04-2019,Radisson Hotel JFK Airport,$229,3.3/5,"2,370"
23-04-2019,24-04-2019,The Wagner Hotel,$339,4.5/5,291
23-04-2019,24-04-2019,LaGuardia Plaza Hotel,$179,4.0/5,"1,983"
23-04-2019,24-04-2019,Hyatt Place Flushing/LaGuardia Airport,$186,4.2/5,793
23-04-2019,24-04-2019,ibis Styles New York LaGuardia Airport,$179,4.3/5,907
23-04-2019,24-04-2019,Hotel De Point,$129,3.9/5,347
23-04-2019,24-04-2019,Marco LaGuardia Hotel,$139,4.1/5,927
23-04-2019,24-04-2019,The Westin New York Grand Central,$429,4.3/5,"2,410"
23-04-2019,24-04-2019,Lic Plaza Hotel,$149,4.2/5,6
23-04-2019,24-04-2019,John Hotel,$139,4.1/5,569
23-04-2019,24-04-2019,Extended Stay America New York City - LaGuardia Airport,$140,3.4/5,755
23-04-2019,24-04-2019,Comfort Inn LaGuardia Airport - 83rd St,$160,3.7/5,"1,135"
23-04-2019,24-04-2019,Aloft New York LaGuardia Airport,$199,3.5/5,"2,086"
23-04-2019,24-04-2019,The Parc Hotel,$159,3.9/5,886
23-04-2019,24-04-2019,Grandview Hotel New York,$115,4.1/5,286
23-04-2019,24-04-2019,Asiatic Hotel by LaGuardia Airport,$128,3.9/5,876
23-04-2019,24-04-2019,New York LaGuardia Airport Marriott,$259,4.1/5,978
23-04-2019,24-04-2019,Corona Hotel,$138,3.2/5,133
23-04-2019,24-04-2019,Prince Flushing Hotel,$118,3.5/5,359
23-04-2019,24-04-2019,Best Western Queens Court Hotel,$110,3.4/5,538
23-04-2019,24-04-2019,Flushing Central Hotel,$125,3.6/5,441
23-04-2019,24-04-2019,The One Boutique Hotel,$129,3.6/5,313
23-04-2019,24-04-2019,The Boro Hotel,$209,4.3/5,719
23-04-2019,24-04-2019,The Paper Factory Hotel,$219,4.2/5,"1,510"
23-04-2019,24-04-2019,Hotel Vetiver,$95,3.7/5,"1,110"
23-04-2019,24-04-2019,Hampton Inn New York - LaGuardia Airport,$256,4.2/5,"1,247"
23-04-2019,24-04-2019,Opera House Hotel,$179,4.5/5,"2,050"
23-04-2019,24-04-2019,Comfort Inn & Suites,$110,3.5/5,15
23-04-2019,24-04-2019,Fairfield Inn by Marriott LaGuardia Airport/Flushing,$199,4.1/5,"1,117"
23-04-2019,24-04-2019,Ramada by Wyndham Long Island City,$99,3.3/5,"1,811"
23-04-2019,24-04-2019,Holiday Inn LaGuardia Airport,$179,3.8/5,"1,042"
23-04-2019,24-04-2019,Best Western Plus Plaza Hotel,$135,4.0/5,"2,857"
23-04-2019,24-04-2019,Z NYC Hotel,$190,4.0/5,"2,184"
23-04-2019,24-04-2019,Ramada by Wyndham Flushing Queens,$146,3.6/5,741
23-04-2019,24-04-2019,Giorgio Hotel,$39,3.9/5,360
23-04-2019,24-04-2019,Airway Inn at LaGuardia,$139,2.8/5,559
23-04-2019,24-04-2019,The Williamsburg Hotel,$270,4.2/5,261
23-04-2019,24-04-2019,The Marmara Manhattan,$299,4.2/5,802
23-04-2019,24-04-2019,The Local,$71,4.3/5,396
23-04-2019,24-04-2019,Westgate New York Grand Central,$300,3.9/5,502
23-04-2019,24-04-2019,Pod 51,$159,4.0/5,"15,435"
23-04-2019,24-04-2019,The William Vale Hotel,$384,4.6/5,624
23-04-2019,24-04-2019,LeTap Hotel near AirTrain JFK Airport,$116,3.2/5,71
23-04-2019,24-04-2019,Park West Hotel,$146,3.1/5,408
23-04-2019,24-04-2019,Queens County Inn & Suites,$141,3.4/5,493
23-04-2019,24-04-2019,Hotel Wales,$243,4.0/5,"1,007"
23-04-2019,24-04-2019,Belnord Hotel,$145,3.7/5,"4,721"
23-04-2019,24-04-2019,Comfort Inn & Suites LaGuardia Airport,$160,3.9/5,738
23-04-2019,24-04-2019,Best Western Plus Stadium Inn,$150,4.3/5,114
23-04-2019,24-04-2019,Hyatt Place Long Island City/New York City,$199,4.5/5,250
23-04-2019,24-04-2019,Bentley Hotel,$279,3.9/5,"4,989"
23-04-2019,24-04-2019,Loews Regency New York Hotel,$689,4.6/5,"1,285"
23-04-2019,24-04-2019,Hotel Newton,$140,3.8/5,"2,463"
23-04-2019,24-04-2019,Excelsior Hotel,$233,4.2/5,"2,789"
23-04-2019,24-04-2019,Arthouse Hotel New York City,$270,4.2/5,"6,038"
23-04-2019,24-04-2019,AirTrain Plaza Hotel JFK Airport,$112,3.1/5,74
23-04-2019,24-04-2019,The Mark,$725,4.8/5,509
23-04-2019,24-04-2019,Holiday Inn - Long Island City - Manhattan View,$189,4.2/5,"1,556"
23-04-2019,24-04-2019,Hotel Belleclaire,$191,4.0/5,"5,641"
23-04-2019,24-04-2019,Hotel Le Jolie,$175,4.4/5,883
23-04-2019,24-04-2019,Salisbury Hotel,$199,4.0/5,"18,782"
23-04-2019,24-04-2019,Empire Hotel,$255,3.8/5,"7,974"
23-04-2019,24-04-2019,Four Points by Sheraton Long Island City Queensboro Bridge,$189,4.1/5,"1,140"
23-04-2019,24-04-2019,"The Vue Hotel, an Ascend Hotel Collection Member",$149,4.3/5,320
23-04-2019,24-04-2019,The Shoreham Hotel,$229,3.8/5,"2,205"
23-04-2019,24-04-2019,Best Western Jamaica Inn,$127,3.8/5,"1,317"
23-04-2019,24-04-2019,"The Carlyle, A Rosewood Hotel",$895,4.5/5,543
23-04-2019,24-04-2019,Gardens Suites Hotel by Affinia,$443,4.3/5,"1,268"
23-04-2019,24-04-2019,Edge Hotel,$309,4.4/5,402
23-04-2019,24-04-2019,Wellington Hotel,$172,3.7/5,"14,155"
23-04-2019,24-04-2019,Hotel Beacon,$309,4.5/5,"1,841"
23-04-2019,24-04-2019,Hillside Hotel,$129,3.5/5,213
23-04-2019,24-04-2019,The Surrey,$575,4.6/5,951
23-04-2019,24-04-2019,Pod Times Square,$179,4.5/5,"2,368"
23-04-2019,24-04-2019,The Manhattan at Times Square Hotel,$198,3.3/5,"10,422"
23-04-2019,24-04-2019,Harlem YMCA,$70,3.3/5,281
23-04-2019,24-04-2019,Wolcott Hotel,$200,3.9/5,"1,231"
23-04-2019,24-04-2019,Park Lane Hotel,$350,4.0/5,"8,367"
23-04-2019,24-04-2019,GWB Hotel,$110,3.1/5,45
23-04-2019,24-04-2019,Viceroy Central Park New York,$344,4.1/5,"1,387"
23-04-2019,24-04-2019,Marrakech Hotel New York City,$186,3.2/5,"1,483"
23-04-2019,24-04-2019,Anchor Inn,$131,3.1/5,746
23-04-2019,24-04-2019,Quality Inn,$150,3.9/5,510
23-04-2019,24-04-2019,Best Western Queens Gold Coast,$141,3.8/5,601
23-04-2019,24-04-2019,Courtyard by Marriott New York Manhattan/Upper East Side,$289,4.1/5,"2,294"
23-04-2019,24-04-2019,Carnegie Hotel,$278,4.6/5,787
23-04-2019,24-04-2019,Seton Hotel,$220,4.0/5,"1,923"
23-04-2019,24-04-2019,Bogart Hotel,$149,3.8/5,268
23-04-2019,24-04-2019,Flushing Hotel,$130,2.7/5,564
23-04-2019,24-04-2019,Pod 39,$209,4.2/5,"11,297"
23-04-2019,24-04-2019,Aloft Long Island City - Manhattan View,$249,4.3/5,325
23-04-2019,24-04-2019,The Belvedere Hotel,$207,4.2/5,"21,156"
23-04-2019,24-04-2019,Purple Garden Guesthouse LGA,$66,2.5/5,21
23-04-2019,24-04-2019,Henry Norman Hotel,$249,4.7/5,512
23-04-2019,24-04-2019,Hotel RL Brooklyn,$170,4.1/5,755
23-04-2019,24-04-2019,Parker New York,$349,4.1/5,288
23-04-2019,24-04-2019,Dream Midtown,$365,4.1/5,"2,444"
23-04-2019,24-04-2019,Paramount Times Square,$239,3.5/5,"13,289"
23-04-2019,24-04-2019,Franklin Guesthouse,$299,4.7/5,172
23-04-2019,24-04-2019,Cachet Boutique New York,$215,3.9/5,"1,386"
23-04-2019,24-04-2019,Chelsea Inn,$203,3.7/5,535
23-04-2019,24-04-2019,LUMA Hotel Times Square,$305,4.7/5,981
23-04-2019,24-04-2019,Riverside Tower Hotel,$144,3.4/5,528
23-04-2019,24-04-2019,"Staypineapple, An Artful Hotel, Midtown",$209,4.6/5,60
23-04-2019,24-04-2019,Fifty Hotel & Suites by Affinia,$364,4.2/5,"2,264"
23-04-2019,24-04-2019,McCarren Hotel & Pool,$255,3.9/5,615
23-04-2019,24-04-2019,Concorde Hotel New York,$332,4.5/5,370
23-04-2019,24-04-2019,Freehand New York,$329,4.4/5,543
23-04-2019,24-04-2019,Millennium Times Square New York,$269,4.0/5,"13,292"
23-04-2019,24-04-2019,The Jewel facing Rockefeller Center,$309,4.5/5,"5,465"
23-04-2019,24-04-2019,The Knickerbocker Hotel,$360,4.6/5,"1,681"
23-04-2019,24-04-2019,Royalton Hotel,$299,4.2/5,"2,068"
23-04-2019,24-04-2019,The Vue Inn Brooklyn,$120,3.3/5,4
23-04-2019,24-04-2019,Best Western Plus Hospitality House,$272,4.4/5,678
23-04-2019,24-04-2019,Flatiron Hotel,$269,3.7/5,"1,219"
23-04-2019,24-04-2019,Four Seasons Hotel New York,"$1,195",4.6/5,63
23-04-2019,24-04-2019,Amsterdam Court Hotel,$247,3.4/5,"2,508"
23-04-2019,24-04-2019,The Kimberly Hotel,$369,4.6/5,"2,480"
23-04-2019,24-04-2019,Mayfair New York,$208,3.4/5,"3,193"
23-04-2019,24-04-2019,Gramercy Park Hotel,$503,4.3/5,912
23-04-2019,24-04-2019,The Andrew Hotel,$159,3.9/5,565
23-04-2019,24-04-2019,The Bowery Hotel,$365,4.6/5,103
23-04-2019,24-04-2019,"The Langham, New York, Fifth Avenue",$725,4.7/5,"1,381"
23-04-2019,24-04-2019,WestHouse New York,$389,4.3/5,"1,835"
23-04-2019,24-04-2019,The Ludlow Hotel,$380,4.6/5,365
23-04-2019,24-04-2019,The Marmara Park Avenue,$421,4.4/5,431
23-04-2019,24-04-2019,Hotel Mela Times Square,$239,4.0/5,"4,603"
23-04-2019,24-04-2019,Hotel 50 Bowery NYC,$319,4.7/5,877
23-04-2019,24-04-2019,Vanderbilt YMCA,$123,3.3/5,"1,522"
23-04-2019,24-04-2019,The Lombardy Hotel,$449,4.3/5,"1,000"
23-04-2019,24-04-2019,Park South Hotel,$369,4.6/5,719
23-04-2019,24-04-2019,Mondrian Park Avenue,$420,4.4/5,733
23-04-2019,24-04-2019,The Iroquois New York,$379,4.5/5,"2,410"
23-04-2019,24-04-2019,Nyma The New York Manhattan Hotel,$199,3.7/5,807
23-04-2019,24-04-2019,Sanctuary Hotel New York,$459,4.4/5,"1,096"
23-04-2019,24-04-2019,Grand Hyatt New York,$359,4.1/5,"10,713"
23-04-2019,24-04-2019,Meadowlands View Hotel,$116,3.6/5,"3,303"
23-04-2019,24-04-2019,Iberostar 70 Park Avenue,$477,4.2/5,"2,474"
23-04-2019,24-04-2019,The Peninsula New York,"$1,075",4.8/5,"1,337"
23-04-2019,24-04-2019,Comfort Inn,$135,3.9/5,435
23-04-2019,24-04-2019,Cassa Hotel NY 45th Street,$350,4.4/5,"2,271"
23-04-2019,24-04-2019,Hotel Hayden,$325,4.1/5,519
23-04-2019,24-04-2019,Arlo NoMad,$539,4.4/5,"1,554"
23-04-2019,24-04-2019,Hotel Mimosa,$176,4.1/5,299
23-04-2019,24-04-2019,The Jane Hotel,$105,4.0/5,"1,883"
23-04-2019,24-04-2019,The Mansfield Hotel,$249,3.7/5,"2,216"
23-04-2019,24-04-2019,The Dominick,$445,4.5/5,403
23-04-2019,24-04-2019,"Night Hotel Theater District, Times Square",$329,4.0/5,"1,264"
23-04-2019,24-04-2019,Lexington Inn at JFK Airport,$90,3.0/5,"1,741"
23-04-2019,24-04-2019,Broadway Suite NY,$147,4.2/5,15
23-04-2019,24-04-2019,Canal Loft Hotel,$45,3.7/5,208
23-04-2019,24-04-2019,U Hotel Fifth Avenue,$229,4.0/5,"1,973"
23-04-2019,24-04-2019,InterContinental - New York Times Square,$350,4.3/5,"2,510"
23-04-2019,24-04-2019,Stewart Hotel,$229,3.9/5,"9,528"
23-04-2019,24-04-2019,DoubleTree by Hilton Metropolitan - New York City,$279,4.0/5,"10,637"
23-04-2019,24-04-2019,Millennium Premier New York Times Square,$315,4.2/5,"1,830"
23-04-2019,24-04-2019,Hotel Shocard at Times Square,$200,3.9/5,252
23-04-2019,24-04-2019,Bklyn House,$129,4.0/5,489
23-04-2019,24-04-2019,Courtyard by Marriott New York City Manhattan Midtown East,$347,4.4/5,"3,730"
23-04-2019,24-04-2019,The Redbury New York,$349,4.0/5,731
23-04-2019,24-04-2019,The Sohotel,$249,4.0/5,"1,243"
23-04-2019,24-04-2019,Off Soho Suites Hotel,$179,3.8/5,878
23-04-2019,24-04-2019,NoMo SoHo,$313,4.2/5,"1,972"
23-04-2019,24-04-2019,The Sherry Netherland,"$1,089",4.8/5,380
23-04-2019,24-04-2019,"The Ritz-Carlton New York, Central Park",$995,4.6/5,279
23-04-2019,24-04-2019,Comfort Inn Midtown West,$239,3.8/5,"1,560"
23-04-2019,24-04-2019,World Center Hotel,$319,4.3/5,"2,452"
23-04-2019,24-04-2019,"The Bernic Hotel New York City, Tapestry Collection by Hilton",$279,4.5/5,463
23-04-2019,24-04-2019,Orchard Street Hotel,$269,3.9/5,314
23-04-2019,24-04-2019,The Hilton Club - New York,$390,4.3/5,111
23-04-2019,24-04-2019,AKA Times Square,$340,4.4/5,118
23-04-2019,24-04-2019,Hilton Garden Inn Times Square,$267,4.4/5,"8,462"
23-04-2019,24-04-2019,The Gatsby Hotel,$289,4.0/5,178
23-04-2019,24-04-2019,Hilton Garden Inn New York/Central Park South-Midtown West,$309,4.3/5,"2,695"
23-04-2019,24-04-2019,Best Western Bowery Hanbee Hotel,$224,4.1/5,"2,032"
23-04-2019,24-04-2019,Royal Park Hotel and Hostel,$101,2.9/5,645
23-04-2019,24-04-2019,Meadowlands River Inn,$143,4.2/5,"3,248"
23-04-2019,24-04-2019,Kimpton Ink48 Hotel,$290,4.4/5,"1,970"
23-04-2019,24-04-2019,DoubleTree by Hilton New York City - Financial District,$349,4.0/5,"3,424"
23-04-2019,24-04-2019,Sheraton New York Times Square Hotel,$399,4.0/5,"10,390"
23-04-2019,24-04-2019,West 57th Street by Hilton Club,$411,4.6/5,155
23-04-2019,24-04-2019,Courtyard by Marriott Edgewater NYC Area,$249,4.5/5,439
23-04-2019,24-04-2019,Millennium Hilton New York One UN Plaza,$339,4.0/5,"2,373"
23-04-2019,24-04-2019,Hotel Elysee by Library Hotel Collection,$377,4.6/5,647
23-04-2019,24-04-2019,Hyatt House New York/Chelsea,$349,4.4/5,301
24-04-2019,25-04-2019,Crowne Plaza JFK Airport New York City,$214,3.7/5,"1,160"
24-04-2019,25-04-2019,LaGuardia Plaza Hotel,$179,4.0/5,"1,989"
24-04-2019,25-04-2019,ibis Styles New York LaGuardia Airport,$149,4.3/5,910
24-04-2019,25-04-2019,Hyatt Place Flushing/LaGuardia Airport,$212,4.2/5,793
24-04-2019,25-04-2019,Marco LaGuardia Hotel,$129,4.1/5,928
24-04-2019,25-04-2019,Comfort Inn LaGuardia Airport - 83rd St,$130,3.7/5,"1,137"
24-04-2019,25-04-2019,Lic Plaza Hotel,$149,4.2/5,6
24-04-2019,25-04-2019,Hotel De Point,$129,3.9/5,347
24-04-2019,25-04-2019,John Hotel,$129,4.1/5,571
24-04-2019,25-04-2019,Extended Stay America New York City - LaGuardia Airport,$140,3.4/5,758
24-04-2019,25-04-2019,The Parc Hotel,$159,3.9/5,888
24-04-2019,25-04-2019,Grandview Hotel New York,$120,4.1/5,287
24-04-2019,25-04-2019,Corona Hotel,$138,3.2/5,133
24-04-2019,25-04-2019,Prince Flushing Hotel,$128,3.5/5,359
24-04-2019,25-04-2019,Flushing Central Hotel,$125,3.6/5,442
24-04-2019,25-04-2019,Best Western Queens Court Hotel,$127,3.4/5,538
24-04-2019,25-04-2019,The One Boutique Hotel,$129,3.6/5,316
24-04-2019,25-04-2019,The Paper Factory Hotel,$219,4.2/5,"1,512"
24-04-2019,25-04-2019,The Boro Hotel,$209,4.3/5,719
24-04-2019,25-04-2019,Z NYC Hotel,$140,4.0/5,"2,184"
24-04-2019,25-04-2019,Hampton Inn New York - LaGuardia Airport,$256,4.2/5,"1,247"
24-04-2019,25-04-2019,Giorgio Hotel,$34,3.9/5,360
24-04-2019,25-04-2019,SpringHill Suites by Marriott New York LaGuardia Airport,$249,4.5/5,305
24-04-2019,25-04-2019,Ramada by Wyndham Flushing Queens,$146,3.6/5,743
24-04-2019,25-04-2019,Holiday Inn LaGuardia Airport,$189,3.8/5,"1,042"
24-04-2019,25-04-2019,Sister City New York,$279,4.3/5,7
24-04-2019,25-04-2019,Mayflower Boutique Hotel,$126,3.2/5,249
24-04-2019,25-04-2019,Hotel Nirvana,$170,3.8/5,206
24-04-2019,25-04-2019,The Franklin Hotel,$201,3.8/5,"1,698"
24-04-2019,25-04-2019,Ravel Hotel Trademark Collection by Wyndham,$179,3.7/5,"1,684"
24-04-2019,25-04-2019,Howard Johnson by Wyndham Long Island City,$145,3.5/5,"1,201"
24-04-2019,25-04-2019,Ramada by Wyndham Long Island City,$139,3.3/5,"1,813"
24-04-2019,25-04-2019,The Box House Hotel,$206,4.6/5,"1,150"
24-04-2019,25-04-2019,The Westin Jersey City Newport,$349,4.5/5,"1,740"
24-04-2019,25-04-2019,Wyndham Garden LaGuardia South,$170,4.2/5,560
24-04-2019,25-04-2019,Microtel Inn by Wyndham Long Island City,$134,4.1/5,41
24-04-2019,25-04-2019,Days Inn by Wyndham Long Island City,$134,3.2/5,"1,639"
24-04-2019,25-04-2019,Holiday Inn Express Laguardia Airport,$149,3.9/5,872
24-04-2019,25-04-2019,Feather Factory,$168,4.1/5,399
24-04-2019,25-04-2019,Paris Suites Hotel,$135,3.3/5,246
24-04-2019,25-04-2019,Bentley Hotel,$202,3.9/5,"4,993"
24-04-2019,25-04-2019,Queens Hotel,$149,3.9/5,29
24-04-2019,25-04-2019,The Central Park North,$89,3.3/5,318
24-04-2019,25-04-2019,Sheraton LaGuardia East Hotel,$289,4.0/5,480
24-04-2019,25-04-2019,Wyndham Garden Fresh Meadows Flushing,$142,3.8/5,"1,055"
24-04-2019,25-04-2019,Loews Regency New York Hotel,$499,4.6/5,"1,287"
24-04-2019,25-04-2019,Airway Inn at LaGuardia,$139,2.8/5,559
24-04-2019,25-04-2019,The Marmara Manhattan,$299,4.2/5,802
24-04-2019,25-04-2019,"The Carlyle, A Rosewood Hotel",$595,4.5/5,543
24-04-2019,25-04-2019,Comfort Inn & Suites LaGuardia Airport,$135,3.9/5,738
24-04-2019,25-04-2019,Hotel Plaza Athenee,$487,4.5/5,"1,060"
24-04-2019,25-04-2019,The Local,$67,4.3/5,396
24-04-2019,25-04-2019,Hilton Garden Inn Roslyn,$256,4.6/5,237
24-04-2019,25-04-2019,Hotel Pennsylvania,$125,2.6/5,"26,788"
24-04-2019,25-04-2019,The William Vale Hotel,$384,4.6/5,625
24-04-2019,25-04-2019,The Williamsburg Hotel,$285,4.2/5,264
24-04-2019,25-04-2019,Wyndham Garden Long Island City,$185,3.9/5,"1,342"
24-04-2019,25-04-2019,Pod 51,$169,4.0/5,"15,443"
24-04-2019,25-04-2019,Best Western Plus Stadium Inn,$150,4.3/5,114
24-04-2019,25-04-2019,LeTap Hotel near AirTrain JFK Airport,$121,3.2/5,73
24-04-2019,25-04-2019,Belnord Hotel,$155,3.7/5,"4,723"
24-04-2019,25-04-2019,Excelsior Hotel,$233,4.2/5,"2,791"
24-04-2019,25-04-2019,Westgate New York Grand Central,$370,3.9/5,509
24-04-2019,25-04-2019,Queens County Inn & Suites,$167,3.4/5,494
24-04-2019,25-04-2019,AirTrain Plaza Hotel JFK Airport,$106,3.1/5,76
24-04-2019,25-04-2019,Super 8 by Wyndham Long Island City LGA Hotel,$117,3.3/5,407
24-04-2019,25-04-2019,The Mark,$725,4.8/5,510
24-04-2019,25-04-2019,Hotel Le Jolie,$170,4.4/5,885
24-04-2019,25-04-2019,1 Hotel Central Park,$429,4.6/5,845
24-04-2019,25-04-2019,"The Roosevelt Hotel, New York City",$249,3.6/5,"26,151"
24-04-2019,25-04-2019,Empire Hotel,$263,3.8/5,"7,976"
24-04-2019,25-04-2019,Salisbury Hotel,$214,4.0/5,"18,797"
24-04-2019,25-04-2019,Viceroy Central Park New York,$245,4.1/5,"1,389"
24-04-2019,25-04-2019,Hyatt Place Long Island City/New York City,$249,4.5/5,251
24-04-2019,25-04-2019,The Roger,$258,4.3/5,908
24-04-2019,25-04-2019,"The Vue Hotel, an Ascend Hotel Collection Member",$149,4.3/5,320
24-04-2019,25-04-2019,"Hudson New York, Central Park",$215,3.5/5,"8,991"
24-04-2019,25-04-2019,Best Western Jamaica Inn,$127,3.8/5,"1,322"
24-04-2019,25-04-2019,Hotel Newton,$200,3.8/5,"2,467"
24-04-2019,25-04-2019,Pod Brooklyn,$179,4.4/5,999
24-04-2019,25-04-2019,Adria Hotel And Conference Center,$155,3.8/5,"1,232"
24-04-2019,25-04-2019,The Hoxton Williamsburg,$339,4.7/5,174
24-04-2019,25-04-2019,The Lucerne Hotel,$269,4.4/5,"3,707"
24-04-2019,25-04-2019,Fitzpatrick Manhattan Hotel,$328,4.5/5,"1,532"
24-04-2019,25-04-2019,HI New York City,$45,4.2/5,471
24-04-2019,25-04-2019,Holiday Inn - Long Island City - Manhattan View,$229,4.2/5,"1,557"
24-04-2019,25-04-2019,Park Lane Hotel,$300,4.0/5,"8,373"
24-04-2019,25-04-2019,Park Central Hotel New York,$209,3.9/5,"8,186"
24-04-2019,25-04-2019,Edge Hotel,$299,4.4/5,401
24-04-2019,25-04-2019,Holiday Inn Express Maspeth,$196,4.0/5,794
24-04-2019,25-04-2019,Gardens Suites Hotel by Affinia,$435,4.3/5,"1,269"
24-04-2019,25-04-2019,Hotel Beacon,$309,4.5/5,"1,841"
24-04-2019,25-04-2019,Comfort Inn & Suites near Stadium,$219,4.3/5,356
24-04-2019,25-04-2019,YOTEL New York,$217,4.3/5,"13,359"
24-04-2019,25-04-2019,Wellington Hotel,$199,3.7/5,"14,159"
24-04-2019,25-04-2019,Marrakech Hotel New York City,$139,3.2/5,"1,483"
24-04-2019,25-04-2019,Aliz Hotel Times Square,$240,4.3/5,376
24-04-2019,25-04-2019,Flushing Hotel,$118,2.7/5,566
24-04-2019,25-04-2019,"PUBLIC, an Ian Schrager hotel",$365,4.3/5,"1,356"
24-04-2019,25-04-2019,Hillside Hotel,$129,3.5/5,214
24-04-2019,25-04-2019,The Surrey,$575,4.6/5,952
24-04-2019,25-04-2019,Pod Times Square,$179,4.4/5,"2,383"
24-04-2019,25-04-2019,The Manhattan at Times Square Hotel,$198,3.3/5,"10,433"
24-04-2019,25-04-2019,Hotel 48LEX New York,$329,4.4/5,"1,045"
24-04-2019,25-04-2019,Hotel Pennsylvania,$125,2.6/5,"26,789"
24-04-2019,25-04-2019,Paramount Times Square,$199,3.5/5,"13,299"
24-04-2019,25-04-2019,Hotel RL Brooklyn,$140,4.1/5,755
24-04-2019,25-04-2019,Quality Inn,$140,3.9/5,510
24-04-2019,25-04-2019,Anchor Inn,$131,3.1/5,746
24-04-2019,25-04-2019,The James New York - NoMad,$349,4.2/5,889
24-04-2019,25-04-2019,Courtyard Long Island City/New York Manhattan View,$259,4.4/5,366
24-04-2019,25-04-2019,Best Western Queens Gold Coast,$143,3.8/5,602
24-04-2019,25-04-2019,Carvi Hotel New York,$199,4.2/5,502
24-04-2019,25-04-2019,The Pearl New York,$224,4.7/5,"3,570"
24-04-2019,25-04-2019,The Belvedere Hotel,$208,4.2/5,"21,160"
24-04-2019,25-04-2019,Freehand New York,$249,4.4/5,551
24-04-2019,25-04-2019,Purple Garden Guesthouse LGA,$66,2.5/5,21
24-04-2019,25-04-2019,The Sherry Netherland,$459,4.8/5,380
24-04-2019,25-04-2019,Carnegie Hotel,$278,4.6/5,788
24-04-2019,25-04-2019,Four Points by Sheraton Long Island City Queensboro Bridge,$274,4.1/5,"1,141"
24-04-2019,25-04-2019,Millennium Times Square New York,$229,4.0/5,"13,303"
24-04-2019,25-04-2019,Henry Norman Hotel,$249,4.7/5,513
24-04-2019,25-04-2019,San Carlos Hotel,$359,4.5/5,"1,582"
24-04-2019,25-04-2019,Fitzpatrick Grand Central,$348,4.4/5,"1,934"
24-04-2019,25-04-2019,Parker New York,$379,4.1/5,289
24-04-2019,25-04-2019,Shelburne Hotel & Suites by Affinia,$317,4.3/5,"4,955"
24-04-2019,25-04-2019,Hotel 31,$161,4.0/5,"2,268"
24-04-2019,25-04-2019,Aloft Long Island City - Manhattan View,$259,4.3/5,329
24-04-2019,25-04-2019,The Time New York,$289,4.2/5,737
24-04-2019,25-04-2019,Holiday Inn Express-Bronx,$159,4.0/5,137
24-04-2019,25-04-2019,Trump International Hotel & Tower New York,$575,4.6/5,"1,039"
24-04-2019,25-04-2019,Fifty Hotel & Suites by Affinia,$329,4.2/5,"2,267"
24-04-2019,25-04-2019,Royalton Hotel,$269,4.2/5,"2,074"
24-04-2019,25-04-2019,Ace Hotel New York,$309,4.3/5,"1,650"
24-04-2019,25-04-2019,"The Langham, New York, Fifth Avenue",$575,4.7/5,"1,383"
24-04-2019,25-04-2019,Broadway Hotel and Hostel,$50,3.3/5,"1,060"
24-04-2019,25-04-2019,Pod 39,$249,4.2/5,"11,299"
24-04-2019,25-04-2019,La Quinta by Wyndham New York City Central Park,$184,3.8/5,581
24-04-2019,25-04-2019,West Side YMCA,$115,3.3/5,"1,919"
24-04-2019,25-04-2019,The Watson Hotel,$224,3.9/5,"4,049"
24-04-2019,25-04-2019,The Lex NYC,$249,4.4/5,861
24-04-2019,25-04-2019,Hotel Boutique at Grand Central,$349,4.4/5,"1,657"
24-04-2019,25-04-2019,Park Terrace Hotel on Bryant Park,$395,4.7/5,196
24-04-2019,25-04-2019,Amsterdam Court Hotel,$207,3.4/5,"2,510"
24-04-2019,25-04-2019,Hilton Garden Inn Long Island City Queensboro Bridge,$316,4.4/5,888
24-04-2019,25-04-2019,The Peninsula New York,$745,4.8/5,"1,339"
24-04-2019,25-04-2019,WestHouse New York,$339,4.3/5,"1,836"
24-04-2019,25-04-2019,Flatiron Hotel,$249,3.7/5,"1,220"
24-04-2019,25-04-2019,The Kimberly Hotel,$349,4.6/5,"2,483"
24-04-2019,25-04-2019,The Benjamin,$349,4.4/5,"1,784"
24-04-2019,25-04-2019,Courtyard by Marriott New York Queens/Fresh Meadows,$194,4.5/5,137
24-04-2019,25-04-2019,Concorde Hotel New York,$319,4.5/5,370
24-04-2019,25-04-2019,Cachet Boutique New York,$235,3.9/5,"1,386"
24-04-2019,25-04-2019,Hotel Hayden,$250,4.1/5,520
24-04-2019,25-04-2019,The Roger Smith Hotel,$329,4.1/5,"2,198"
24-04-2019,25-04-2019,Hampton Inn Brooklyn Downtown NY,$229,4.5/5,"1,172"
